<?xml version="1.0" ?>
<graph>
	<Bitmaps>
		<Bitmap icon="assets/topo/oss/ONU.png" name="交换机" type="image"/>
		<Bitmap icon="assets/topo/oss/server.png" name="服务器" type="image"/>
		<Bitmap icon="assets/topo/oss/firewall_03.gif" name="防火墙" type="image"/>
		<Bitmap icon="assets/topo/oss/U_D.png" name="交换机" type="image"/>
		<Bitmap icon="assets/topo/oss/HT_GW.png" name="HT_GW." type="image"/>
		<Bitmap icon="assets/topo/oss/SW.png" name="SW" type="image"/>
		<Bitmap icon="assets/topo/oss/BTS.png" name="BTS" type="image"/>
		
		<Bitmap icon="assets/topo/call.png" name="call" type="image"/>
		<Bitmap icon="assets/topo/cloud.gif" name="cloud" type="image"/>
		<Bitmap icon="assets/topo/IBM-Server.png" name="IBM-Server" type="image"/>
		<Bitmap icon="assets/topo/pc.png" name="PC" type="image"/>
		<Bitmap icon="assets/topo/phone.png" name="Phone" type="image"/>
		<Bitmap icon="assets/topo/internet.png" name="Internet" type="image"/>
		<Bitmap icon="assets/topo/satelite.png" name="Satelite" type="image"/>
		<Bitmap icon="assets/topo/wireless.png" name="Wireless" type="image"/>
		<Bitmap icon="assets/topo/database.png" name="Database" type="image"/>
		
	</Bitmaps>
	<Vectors>
		<Vector icon="assets/shapes/rect.png" type="shape" class="com.iolive.topology.shape.SimpleRect" name="矩形" width="100" height="100"/>
		<Vector icon="assets/shapes/dashedRect.png" type="shape" class="com.iolive.topology.shape.DashedRect" name="虚线边框矩形" width="100" height="100"/>
		<Vector icon="assets/shapes/borderRect.png" type="shape" name="带边框的矩形" class="com.iolive.topology.shape.BorderRect"  width="100" height="100"/>
		<Vector icon="assets/shapes/hatchRect.png" type="shape" name="散块边线矩形" class="com.iolive.topology.shape.HatchRect" width="100" height="100"/>
		<Vector icon="assets/shapes/fancyRect.png" type="shape" name="散块边线矩形2" class="com.iolive.topology.shape.FancyRect" width="100" height="100"/>
		<Vector icon="assets/shapes/nestedRect.png" type="shape" name="嵌套的矩形" class="com.iolive.topology.shape.NestedRect" width="100" height="100"/>
		<Vector icon="assets/shapes/parallelogram.png" type="shape" name="平行四边形" class="com.iolive.topology.shape.Parallelogram" width="100" height="100"/>
		<Vector icon="assets/shapes/quadrilateral.png" type="shape" name="四边形" class="com.iolive.topology.shape.Quadrilateral" width="100" height="100"/>
		<Vector icon="assets/shapes/keystone.png" type="shape" name="梯形" class="com.iolive.topology.shape.Keystone" width="100" height="100"/>
		<Vector icon="assets/shapes/circular.png" type="shape" name="圆形" class="com.iolive.topology.shape.SimpleCircle" width="100" height="100"/>
		<Vector icon="assets/shapes/dashedEllipse.png" type="shape" class="com.iolive.topology.shape.DashedEllipse" name="虚线圆形" width="100" height="100"/>
		<Vector icon="assets/shapes/hatchEllipse.png" type="shape" class="com.iolive.topology.shape.HatchEllipse" name="毛边圆形" width="100" height="100"/>
		<Vector icon="assets/shapes/arcRect.png" type="shape" class="com.iolive.topology.shape.ArcRect" name="弧形" width="100" height="100"/>
		<Vector icon="assets/shapes/aquarium.png" type="shape" class="com.iolive.topology.shape.Aquarium" name="鱼缸形状" width="100" height="100"/>
		<Vector icon="assets/shapes/boxRect.png" type="shape" class="com.iolive.topology.shape.BoxRect" name="方块形状" width="100" height="100"/>
		<Vector icon="assets/shapes/conical.png" type="shape" class="com.iolive.topology.shape.Conical" name="锥形" width="100" height="100"/>
		<Vector icon="assets/shapes/diamond6.png" type="shape" class="com.iolive.topology.shape.Diamond6"  name="菱形" width="100" height="100"/>
		<Vector icon="assets/shapes/pencil.png" type="shape" class="com.iolive.topology.shape.Pencil"  name="铅笔形状" width="100" height="100"/>
		<Vector icon="assets/shapes/triangle.png" type="shape" class="com.iolive.topology.shape.SimpleTriangle"  name="三角形" width="100" height="100"/>
		<Vector icon="assets/shapes/by.png" type="shape" class="com.iolive.topology.shape.SimpleSemicircle"  name="半圆" width="100" height="100"/>
		<Vector icon="assets/shapes/star5.png" type="shape" class="com.iolive.topology.shape.Simple5Star"  name="五角星" width="100" height="100"/>
		<Vector icon="assets/shapes/verArrow.png" type="shape" class="com.iolive.topology.shape.VerArrow"  name="垂直箭头" width="100" height="100"/>
		<Vector icon="assets/shapes/arrow.png" type="shape" class="com.iolive.topology.shape.SimpleBendArrow"  name="弯曲箭头" width="100" height="100"/>
	</Vectors>
	<Components>
		<Component icon="assets/components/InfoComponent.png" type="component" class="designs.components.InfoComponent" name="信息窗" width="200" height="200"/>
		<Component icon="assets/components/ImageGroupComponent.png" type="component" class="designs.components.ImageGroupComponent" name="工作组" width="200" height="200"/>
		<Component icon="assets/components/LabelComponent.png" type="component" class="designs.components.LabelComponent" name="编辑框" width="200" height="200"/>
		<Component icon="assets/components/UMLComponent.png" type="component" class="designs.components.UMLComponent" name="UML节点" width="200" height="200"/>
		<Component icon="assets/components/Label.png" type="component" class="label" name="文字标签" width="100" height="40"/>
	</Components>
	<Fxgs>
		<Fxg icon="assets/fxg/a90.png" type="fxg" class="assets.fxg.a90" width="108" height="108" name="徽章-橙色"/>
		<Fxg icon="assets/fxg/a91.png" type="fxg" class="assets.fxg.a91" width="108" height="108" name="徽章-蓝色"/>
		<Fxg icon="assets/fxg/a92.png" type="fxg" class="assets.fxg.a92" width="108" height="108" name="徽章-粉色"/>
		<Fxg icon="assets/fxg/a93.png" type="fxg" class="assets.fxg.a93" width="108" height="108" name="徽章-红色"/>
		<Fxg icon="assets/fxg/a94.png" type="fxg" class="assets.fxg.a94" width="108" height="108" name="徽章-橙色2"/>
		<Fxg icon="assets/fxg/a95.png" type="fxg" class="assets.fxg.a95" width="108" height="108" name="徽章-蓝色2"/>
		<Fxg icon="assets/fxg/a96.png" type="fxg" class="assets.fxg.a96" width="108" height="108" name="徽章-粉色2"/>
		<Fxg icon="assets/fxg/a97.png" type="fxg" class="assets.fxg.a97" width="108" height="108" name="徽章-红色2"/>
		<Fxg icon="assets/fxg/a98.png" type="fxg" class="assets.fxg.a98" width="108" height="108" name="徽章-红色3"/>
		<Fxg icon="assets/fxg/a99.png" type="fxg" class="assets.fxg.a99" width="108" height="108" name="徽章-蓝色3"/>
		<Fxg icon="assets/fxg/a100.png" type="fxg" class="assets.fxg.a100" width="108" height="108" name="徽章-绿色"/>
		<Fxg icon="assets/fxg/a101.png" type="fxg" class="assets.fxg.a101" width="108" height="108" name="徽章-橙色3"/>
		<Fxg icon="assets/fxg/a102.png" type="fxg" class="assets.fxg.a102" width="133" height="133" name="贴纸-蓝色"/>
		<Fxg icon="assets/fxg/a103.png" type="fxg" class="assets.fxg.a103" width="133" height="133" name="贴纸-橙色"/>
		<Fxg icon="assets/fxg/a104.png" type="fxg" class="assets.fxg.a104" width="133" height="133" name="贴纸-红色"/>
		
	
		<Fxg icon="assets/fxg/a1.png" type="fxg" class="assets.fxg.a1" width="275" height="79"  name="蓝卡"/>
		<Fxg icon="assets/fxg/a2.png" type="fxg" class="assets.fxg.a2" width="87" height="45" name="流程矩形"/>
		<Fxg icon="assets/fxg/a3.png" type="fxg" class="assets.fxg.a3" width="163" height="100" name="绿色决定"/>
		<Fxg icon="assets/fxg/a4.png" type="fxg" class="assets.fxg.a4" width="94" height="59" name="橙色延迟"/>
		<Fxg icon="assets/fxg/a5.png" type="fxg" class="assets.fxg.a5" width="148" height="60" name="黄色结果"/>
		<Fxg icon="assets/fxg/a6.png" type="fxg" class="assets.fxg.a6" width="154" height="100" name="箭头框"/>
		<Fxg icon="assets/fxg/a7.png" type="fxg" class="assets.fxg.a7" width="275" height="79" name="黄卡"/>
		<Fxg icon="assets/fxg/a8.png" type="fxg" class="assets.fxg.a8" width="52" height="52" name="球形"/>
		<Fxg icon="assets/fxg/a9.png" type="fxg" class="assets.fxg.a9" width="41" height="55" name="安全性"/>
		<Fxg icon="assets/fxg/a10.png" type="fxg" class="assets.fxg.a10" width="48" height="54" name="主页"/>
		<Fxg icon="assets/fxg/a11.png" type="fxg" class="assets.fxg.a11" width="38" height="54" name="文档"/>
		<Fxg icon="assets/fxg/a12.png" type="fxg" class="assets.fxg.a12" width="75" height="55" name="文件夹"/>
		<Fxg icon="assets/fxg/a13.png" type="fxg" class="assets.fxg.a13" width="32" height="54" name="鼠标"/>
		<Fxg icon="assets/fxg/a14.png" type="fxg" class="assets.fxg.a14" width="56" height="55" name="手型"/>
		<Fxg icon="assets/fxg/a15.png" type="fxg" class="assets.fxg.a15" width="36" height="55" name="手"/>
		<Fxg icon="assets/fxg/a16.png" type="fxg" class="assets.fxg.a16" width="101" height="68" name="椭圆组织"/>
		<Fxg icon="assets/fxg/a17.png" type="fxg" class="assets.fxg.a17" width="55" height="54" name="回收"/>
		<Fxg icon="assets/fxg/a18.png" type="fxg" class="assets.fxg.a18" width="58" height="55" name="注意"/>
		<Fxg icon="assets/fxg/a19.png" type="fxg" class="assets.fxg.a19" width="52" height="52" name="信息图标"/>
		<Fxg icon="assets/fxg/a20.png" type="fxg" class="assets.fxg.a20" width="71" height="54" name="运输"/>
		<Fxg icon="assets/fxg/a21.png" type="fxg" class="assets.fxg.a21" width="25" height="54" name="女人"/>
		<Fxg icon="assets/fxg/a22.png" type="fxg" class="assets.fxg.a22" width="19" height="54" name="男人"/>
		<Fxg icon="assets/fxg/a23.png" type="fxg" class="assets.fxg.a23" width="50" height="54" name="声音"/>
		<Fxg icon="assets/fxg/a24.png" type="fxg" class="assets.fxg.a24" width="50" height="54" name="安全性2"/>
		<Fxg icon="assets/fxg/a25.png" type="fxg" class="assets.fxg.a25" width="40" height="54" name="用户2"/>
		<Fxg icon="assets/fxg/a26.png" type="fxg" class="assets.fxg.a26" width="18" height="54" name="用户"/>
		<Fxg icon="assets/fxg/a27.png" type="fxg" class="assets.fxg.a27" width="21" height="54" name="里程碑"/>
		<Fxg icon="assets/fxg/a28.png" type="fxg" class="assets.fxg.a28" width="650" height="404" name="流程符号"/>
		<Fxg icon="assets/fxg/a29.png" type="fxg" class="assets.fxg.a29" width="31" height="35" name="选中"/>
		<Fxg icon="assets/fxg/a30.png" type="fxg" class="assets.fxg.a30" width="37" height="38" name="否"/>
		<Fxg icon="assets/fxg/a31.png" type="fxg" class="assets.fxg.a31" width="34" height="36" name="或|加"/>
		<Fxg icon="assets/fxg/a32.png" type="fxg" class="assets.fxg.a32" width="34" height="36" name="取消"/>
		<Fxg icon="assets/fxg/a33.png" type="fxg" class="assets.fxg.a33" width="17" height="43" name="排序"/>
		<Fxg icon="assets/fxg/a34.png" type="fxg" class="assets.fxg.a34" width="16" height="33" name="拼版"/>
		<Fxg icon="assets/fxg/a35.png" type="fxg" class="assets.fxg.a35" width="32" height="30" name="合并-三角形"/>
		<Fxg icon="assets/fxg/a36.png" type="fxg" class="assets.fxg.a36" width="32" height="30" name="提取-三角形"/>
		<Fxg icon="assets/fxg/a37.png" type="fxg" class="assets.fxg.a37" width="93" height="45" name="预先定义流程"/>
		<Fxg icon="assets/fxg/a38.png" type="fxg" class="assets.fxg.a38" width="45" height="48" name="数据存储器"/>
		<Fxg icon="assets/fxg/a39.png" type="fxg" class="assets.fxg.a39" width="72" height="28" name="结束符"/>
		<Fxg icon="assets/fxg/a40.png" type="fxg" class="assets.fxg.a40" width="85" height="50" name="页面外部参考"/>
		<Fxg icon="assets/fxg/a41.png" type="fxg" class="assets.fxg.a41" width="83" height="30" name="循环链接"/>
		<Fxg icon="assets/fxg/a42.png" type="fxg" class="assets.fxg.a42" width="77" height="41" name="手动操作"/>
		<Fxg icon="assets/fxg/a43.png" type="fxg" class="assets.fxg.a43" width="60" height="41" name="显示"/>
		<Fxg icon="assets/fxg/a44.png" type="fxg" class="assets.fxg.a44" width="94" height="41" name="准备"/>
		<Fxg icon="assets/fxg/a45.png" type="fxg" class="assets.fxg.a45" width="66" height="42" name="延迟"/>
		<Fxg icon="assets/fxg/a46.png" type="fxg" class="assets.fxg.a46" width="74" height="45" name="纸带"/>
		<Fxg icon="assets/fxg/a47.png" type="fxg" class="assets.fxg.a47" width="86" height="37" name="手动输入"/>
		<Fxg icon="assets/fxg/a48.png" type="fxg" class="assets.fxg.a48" width="94" height="45" name="开始-椭圆"/>
		<Fxg icon="assets/fxg/a49.png" type="fxg" class="assets.fxg.a49" width="72" height="45" name="文档"/>
		<Fxg icon="assets/fxg/a50.png" type="fxg" class="assets.fxg.a50" width="72" height="45" name="决定菱形"/>
		<Fxg icon="assets/fxg/a51.png" type="fxg" class="assets.fxg.a51" width="90" height="46" name="文档2"/>
		<Fxg icon="assets/fxg/a52.png" type="fxg" class="assets.fxg.a52" width="59" height="47" name="数据圆柱"/>
		<Fxg icon="assets/fxg/a53.png" type="fxg" class="assets.fxg.a53" width="71" height="46" name="存储的数据"/>
		<Fxg icon="assets/fxg/a54.png" type="fxg" class="assets.fxg.a54" width="56" height="58" name="弓形"/>
		<Fxg icon="assets/fxg/a55.png" type="fxg" class="assets.fxg.a55" width="51" height="53" name="方形内部存储器"/>
		<Fxg icon="assets/fxg/a56.png" type="fxg" class="assets.fxg.a56" width="98" height="49" name="椭圆组织"/>
		<Fxg icon="assets/fxg/a57.png" type="fxg" class="assets.fxg.a57" width="98" height="49" name="皇家椭圆"/>
		<Fxg icon="assets/fxg/a58.png" type="fxg" class="assets.fxg.a58" width="100" height="51" name="CEO圆角"/>
		<Fxg icon="assets/fxg/a59.png" type="fxg" class="assets.fxg.a59" width="85" height="43" name="水绿色"/>
		<Fxg icon="assets/fxg/a60.png" type="fxg" class="assets.fxg.a60" width="66" height="42" name="延迟"/>
		<Fxg icon="assets/fxg/a61.png" type="fxg" class="assets.fxg.a61" width="83" height="44" name="绿色组织"/>
		<Fxg icon="assets/fxg/a62.png" type="fxg" class="assets.fxg.a62" width="83" height="44" name="绿色圆角"/>
		<Fxg icon="assets/fxg/a63.png" type="fxg" class="assets.fxg.a63" width="83" height="44" name="绿色椭圆"/>
		<Fxg icon="assets/fxg/a64.png" type="fxg" class="assets.fxg.a64" width="55" height="55" name="绿色圆形"/>
		<Fxg icon="assets/fxg/a65.png" type="fxg" class="assets.fxg.a65" width="83" height="44" name="蓝色椭圆"/>
		<Fxg icon="assets/fxg/a66.png" type="fxg" class="assets.fxg.a66" width="83" height="44" name="蓝色圆角"/>
		<Fxg icon="assets/fxg/a67.png" type="fxg" class="assets.fxg.a67" width="83" height="44" name="蓝色组织"/>
		<Fxg icon="assets/fxg/a68.png" type="fxg" class="assets.fxg.a68" width="55" height="55" name="蓝色圆形"/>
		<Fxg icon="assets/fxg/a69.png" type="fxg" class="assets.fxg.a69" width="83" height="44" name="橙色椭圆"/>
		<Fxg icon="assets/fxg/a70.png" type="fxg" class="assets.fxg.a70" width="83" height="44" name="橙色组织"/>
		<Fxg icon="assets/fxg/a71.png" type="fxg" class="assets.fxg.a71" width="83" height="44" name="橙色圆角"/>
		<Fxg icon="assets/fxg/a72.png" type="fxg" class="assets.fxg.a72" width="55" height="55" name="圆形组织"/>
		<Fxg icon="assets/fxg/a73.png" type="fxg" class="assets.fxg.a73" width="275" height="79" name="选项卡-蓝色2"/>
		<Fxg icon="assets/fxg/a74.png" type="fxg" class="assets.fxg.a74" width="275" height="79" name="选项卡-灰色2"/>
		<Fxg icon="assets/fxg/a75.png" type="fxg" class="assets.fxg.a75" width="275" height="79" name="选项卡-橙色2"/>
		<Fxg icon="assets/fxg/a76.png" type="fxg" class="assets.fxg.a76" width="275" height="79" name="选项卡-蓝色"/>
		<Fxg icon="assets/fxg/a77.png" type="fxg" class="assets.fxg.a77" width="275" height="79" name="选项卡-灰色"/>
		<Fxg icon="assets/fxg/a78.png" type="fxg" class="assets.fxg.a78" width="275" height="79" name="选项卡-白色"/>
		<Fxg icon="assets/fxg/a79.png" type="fxg" class="assets.fxg.a79" width="285" height="71" name="按钮-橙色5"/>
		<Fxg icon="assets/fxg/a80.png" type="fxg" class="assets.fxg.a80" width="285" height="71" name="按钮-蓝色5"/>
		<Fxg icon="assets/fxg/a81.png" type="fxg" class="assets.fxg.a81" width="285" height="71" name="按钮-灰色5"/>
		<Fxg icon="assets/fxg/a82.png" type="fxg" class="assets.fxg.a82" width="302" height="69" name="按钮-粉色4"/>
		<Fxg icon="assets/fxg/a83.png" type="fxg" class="assets.fxg.a83" width="302" height="69" name="按钮-绿色4"/>
		<Fxg icon="assets/fxg/a84.png" type="fxg" class="assets.fxg.a84" width="302" height="69" name="按钮-蓝色4"/>
		<Fxg icon="assets/fxg/a85.png" type="fxg" class="assets.fxg.a85" width="302" height="69" name="按钮-灰色4"/>
		<Fxg icon="assets/fxg/a86.png" type="fxg" class="assets.fxg.a86" width="302" height="69" name="按钮-黑色3"/>
		<Fxg icon="assets/fxg/a87.png" type="fxg" class="assets.fxg.a87" width="302" height="69" name="按钮-绿色3"/>
		<Fxg icon="assets/fxg/a88.png" type="fxg" class="assets.fxg.a88" width="302" height="69" name="按钮-蓝色3"/>
		<Fxg icon="assets/fxg/a89.png" type="fxg" class="assets.fxg.a89" width="302" height="69" name="按钮-橙色3"/>
	
	</Fxgs>
</graph>