<?xml version="1.0" ?>
<graph>
  <node id="1" text="云"  type="入口"  icon="assets/topo/cloud.gif"/>
  <node id="2" text="internet网关"  type="入口"  icon="assets/topo/internet.png"/>
  <node id="3" text="卫星电话发射器" type="入口"  icon="assets/topo/satelite.png"/>
  <node id="4" text="无线路由"  type="入口"  icon="assets/topo/wireless.png"/>
  <node id="5" text="PC"  type="办公节点"  icon="assets/topo/pc.png"/>
  <node id="6" text="PC"  type="办公节点"  icon="assets/topo/pc.png"/>
  <node id="7" text="PC"  type="办公节点"  icon="assets/topo/pc.png"/>
  <node id="8" text="PC"  type="办公节点"  icon="assets/topo/pc.png"/>
  <node id="9" text="PC"  type="办公节点"  icon="assets/topo/pc.png"/>
  <node id="10" text="PC"  type="办公节点"  icon="assets/topo/pc.png"/>
  <node id="11" text="手机"  type="WIFI节点"  icon="assets/topo/phone.png"/>
  <node id="12" text="手机"  type="WIFI节点"  icon="assets/topo/phone.png"/>
  <node id="13" text="手机"  type="WIFI节点"  icon="assets/topo/phone.png"/>
  <node id="14" text="手机"  type="WIFI节点"  icon="assets/topo/phone.png"/>
  <node id="15" text="手机"  type="WIFI节点"  icon="assets/topo/phone.png"/>
  <node id="16" text="座机"  type="通信节点"  icon="assets/topo/call.png"/>
  <node id="17" text="座机"  type="通信节点"  icon="assets/topo/call.png"/>
  <node id="18" text="座机"  type="通信节点"  icon="assets/topo/call.png"/>
  <node id="19" text="文件服务器"  type="服务器"  icon="assets/topo/IBM-Server.png"/>
  <node id="20" text="数据库服务器" type="服务器"  icon="assets/topo/database.png"/>
  <arc id="100" type="连接"  source="1" destination="2" selected="true" directed="false" lineType="straightline" flowTextFeild="1"/>
  <arc id="101" type="连接"  source="1" destination="3" lineType="straightline"  flowTextFeild="2" color="0x123456"/>
  <arc id="102" type="线路"  source="2" destination="4" lineType="BROKEN_1"  flowTextFeild="3" color="0x112416"/>
  <arc id="103" type="线路"  source="2" destination="5" lineType="BROKEN_1"  flowTextFeild="4" color="0xabcdef"/>
  <arc id="104" type="线路"  source="2" destination="6" lineType="BROKEN_1"  flowTextFeild="5"/>
  <arc id="105" type="线路"  source="2" destination="7" lineType="BROKEN_1"  flowTextFeild="6"/>
  <arc id="106" type="干线1"  source="2" destination="8" lineType="BROKEN_1"  flowTextFeild="7"/>
  <arc id="107" type="线路"  source="2" destination="9" lineType="BROKEN_1"  flowTextFeild="8"/>
  <arc id="108" type="省道干线"  source="2" destination="10" lineType="BROKEN_1"  flowTextFeild="9"/>
  <arc id="109" type="线路"  source="3" destination="16" lineType="BROKEN_1"  flowTextFeild="10"/>
  <arc id="110" type="线路"  source="3" destination="17" lineType="BROKEN_1"  flowTextFeild="11"/>
  <arc id="111" type="线路"  source="3" destination="18" lineType="BROKEN_1"  flowTextFeild="111"/>
  <arc id="112" type="线路"  source="4" destination="11" lineType="BROKEN_2"  flowTextFeild="1112"/>
  <arc id="113" type="线路"  source="4" destination="12" lineType="BROKEN_2"  flowTextFeild="213"/>
  <arc id="114" type="线路"  source="4" destination="13" lineType="BROKEN_2"  flowTextFeild="32"/>
  <arc id="115" type="线路"  source="4" destination="14" lineType="BROKEN_2"  flowTextFeild="43"/>
  <arc id="116" type="线路"  source="4" destination="15" lineType="BROKEN_2"  flowTextFeild="123"/>
  <arc id="117" type="线路"  source="2" destination="19" lineType="BROKEN_1"  flowTextFeild="313213213"/>
  <arc id="118" type="线路"  source="2" destination="20" lineType="BROKEN_1"  flowTextFeild="3123"/>
</graph>