<?xml version="1.0" ?>
<graph>
  <node id="1" text="1F-Node"  type="PC"  icon="assets/topo/pc.png" bounds="150,50,0,0"/>
  <node id="2" text="1F-Node"  type="PC"  icon="assets/topo/pc.png" bounds="250,50,0,0"/>
  <node id="3" text="1F-Node"  type="PC"  icon="assets/topo/pc.png" bounds="350,50,0,0"/>
  <node id="4" text="1F-Node"  type="PC"  icon="assets/topo/pc.png" bounds="450,50,0,0"/>
  <node id="5" text="1F-Node"  type="PC"  icon="assets/topo/pc.png" bounds="550,50,0,0"/>
  <node id="6" text="2F-Node"  type="PC"  icon="assets/topo/pc.png" bounds="150,250,0,0"/>
  <node id="7" text="2F-Node"  type="PC"  icon="assets/topo/pc.png" bounds="250,250,0,0"/>
  <node id="8" text="2F-Node"  type="PC"  icon="assets/topo/pc.png" bounds="350,250,0,0"/>
  <node id="9" text="2F-Node"  type="PC"  icon="assets/topo/pc.png" bounds="450,250,0,0"/>
  <node id="10" text="2F-Node" type="PC"  icon="assets/topo/pc.png" bounds="550,250,0,0"/>
  
  <group id="10" text="业务层" type="group" nodes="1,2,3,4,5" bounds="100,50,568,120"/>
  <group id="11" text="应用层" type="group" nodes="6,7,8,9,10" bounds="100,250,568,120"/>
  
  <arc id="109" type="TC+"  source="3" destination="8"/>
</graph>