<graph>
  <node id="445270F5-406D-DE2D-41BD-EC8771F694D9" text="接入交换机2" tooltip="交换机" type="image" bounds="1068.6,350.5,80.0,69.0" dropShadow="true" gid="445270F5-406D-DE2D-41BD-EC8771F694D9" gtext="交换机" icon="assets/topo/oss/ONU.png" labelPosition="bottom" labelposition="bottom" name="交换机" showLabel="true"/>
  <node id="44E30AC6-406D-A26F-41C4-C299AAB3AE59" text="防火墙" tooltip="防火墙" type="image" bounds="727.2,249.6,42.0,69.0" dropShadow="true" gid="44E30AC6-406D-A26F-41C4-C299AAB3AE59" gtext="防火墙" icon="assets/topo/oss/firewall_03.gif" labelPosition="bottom" labelposition="bottom" name="防火墙" showLabel="true"/>
  <node id="44F55023-406E-5E25-41C4-7F16FE44677C" text="防火墙2" tooltip="防火墙" type="image" bounds="440.4,356.7,52.0,69.0" dropShadow="true" gid="44F55023-406E-5E25-41C4-7F16FE44677C" gtext="防火墙" icon="assets/topo/oss/firewall_03.gif" labelPosition="bottom" labelposition="bottom" name="防火墙" showLabel="true"/>
  <node id="44C8F7B3-406E-6225-41C6-97EAEAFDAAD9" text="接入交换机1" tooltip="交换机" type="image" bounds="1073.8,239.1,80.0,69.0" dropShadow="true" gid="44C8F7B3-406E-6225-41C6-97EAEAFDAAD9" gtext="交换机" icon="assets/topo/oss/ONU.png" labelPosition="bottom" labelposition="bottom" name="交换机" showLabel="true"/>
  <node id="44C2CC7F-406E-661D-41B9-0A6ACBD376C2" text="接入交换机3" tooltip="交换机" type="image" bounds="197.3,449.7,80.0,69.0" dropShadow="true" gid="44C2CC7F-406E-661D-41B9-0A6ACBD376C2" gtext="交换机" icon="assets/topo/oss/ONU.png" labelPosition="bottom" labelposition="bottom" name="交换机" showLabel="true"/>
  <node id="44DAB0EA-406E-7E27-41CD-6449D8BDE517" text="接入交换机3" tooltip="交换机" type="image" bounds="1073.1,446.6,80.0,69.0" dropShadow="true" gid="44DAB0EA-406E-7E27-41CD-6449D8BDE517" gtext="交换机" icon="assets/topo/oss/ONU.png" labelPosition="bottom" labelposition="bottom" name="交换机" showLabel="true"/>
  <node id="44D322E8-406E-A222-41C3-3713D54DAD74" text="FTP服务器" tooltip="IBM-Server" type="image" bounds="727.5,24.5,69.0,74.0" dropShadow="true" gid="44D322E8-406E-A222-41C3-3713D54DAD74" gtext="IBM-Server" height="42.35000000000001" icon="assets/topo/oss/server.png" labelposition="bottom" labelPosition="bottom" name="IBM-Server" showLabel="true" width="54.799999999999955"/>
  <node id="440DE393-406E-62E5-41B8-F297B2A3BCE9" text="域名解析服务器" tooltip="IBM-Server" type="image" bounds="247.4,22.1,98.0,74.0" dropShadow="true" gid="440DE393-406E-62E5-41B8-F297B2A3BCE9" gtext="IBM-Server" height="42.35000000000001" icon="assets/topo/oss/server.png" labelPosition="bottom" labelposition="bottom" name="IBM-Server" selected="true" showLabel="true" width="54.799999999999955"/>
  <node id="440489CF-406E-6E7D-4192-11A1B6E74049" text="数据库服务器" tooltip="IBM-Server" type="image" bounds="419.3,22.6,84.0,74.0" dropShadow="true" gid="440489CF-406E-6E7D-4192-11A1B6E74049" gtext="IBM-Server" height="42.35000000000001" icon="assets/topo/oss/server.png" labelposition="bottom" labelPosition="bottom" name="IBM-Server" showLabel="true" width="54.799999999999955"/>
  <node id="4400CFBE-406E-621F-41C6-97A985B2ABC1" text="代理服务器" tooltip="IBM-Server" type="image" bounds="582.0,23.1,70.0,74.0" dropShadow="true" gid="4400CFBE-406E-621F-41C6-97A985B2ABC1" gtext="IBM-Server" height="42.35000000000001" icon="assets/topo/oss/server.png" labelposition="bottom" labelPosition="bottom" name="IBM-Server" showLabel="true" width="54.799999999999955"/>
  <node id="441DC587-406F-A6EE-41AC-1F83D09CC71B" text="OA服务器" tooltip="IBM-Server" type="image" bounds="881.9,23.5,64.0,74.0" dropShadow="true" gid="441DC587-406F-A6EE-41AC-1F83D09CC71B" gtext="IBM-Server" height="42.35000000000001" icon="assets/topo/oss/server.png" labelposition="bottom" labelPosition="bottom" name="IBM-Server" showLabel="true" width="54.799999999999955"/>
  <node id="44195D65-406F-A622-41A1-8F5B8AFC32AD" text="邮件服务器" tooltip="IBM-Server" type="image" bounds="1025.4,22.6,70.0,74.0" dropShadow="true" gid="44195D65-406F-A622-41A1-8F5B8AFC32AD" gtext="IBM-Server" height="42.35000000000001" icon="assets/topo/oss/server.png" labelposition="bottom" labelPosition="bottom" name="IBM-Server" showLabel="true" width="54.799999999999955"/>
  <node id="44FABEEE-406D-A23F-4170-F6D75456E5D5" text="汇聚交换机1" tooltip="交换机" type="image" bounds="896.6,784.0,80.0,69.0" dropShadow="true" gid="44FABEEE-406D-A23F-4170-F6D75456E5D5" gtext="交换机" icon="assets/topo/oss/ONU.png" labelPosition="bottom" labelposition="bottom" name="交换机" showLabel="true"/>
  <node id="44C9C472-406D-A626-418C-121BE1E8E2C9" text="接入交换机2" tooltip="交换机" type="image" bounds="198.1,351.3,80.0,69.0" dropShadow="true" gid="44C9C472-406D-A626-418C-121BE1E8E2C9" gtext="交换机" icon="assets/topo/oss/ONU.png" labelPosition="bottom" labelposition="bottom" name="交换机" showLabel="true"/>
  <node id="44C7C9B0-406D-AE22-41BE-231500C28807" text="汇聚交换机1" tooltip="交换机" type="image" bounds="548.5,152.8,80.0,69.0" dropShadow="true" gid="44C7C9B0-406D-AE22-41BE-231500C28807" gtext="交换机" icon="assets/topo/oss/ONU.png" labelPosition="bottom" labelposition="bottom" name="交换机" showLabel="true"/>
  <node id="44C95776-406D-E22F-41C8-27154428FBA4" text="汇聚交换机2" tooltip="交换机" type="image" bounds="714.6,148.8,80.0,69.0" dropShadow="true" gid="44C95776-406D-E22F-41C8-27154428FBA4" gtext="交换机" icon="assets/topo/oss/ONU.png" labelposition="bottom" labelPosition="bottom" name="交换机" selected="true" showLabel="true"/>
  <node id="44C3FDB0-406D-E623-414C-E4855F531550" text="接入交换机1" tooltip="交换机" type="image" bounds="184.6,237.5,80.0,69.0" dropShadow="true" gid="44C3FDB0-406D-E623-414C-E4855F531550" gtext="交换机" icon="assets/topo/oss/ONU.png" labelPosition="bottom" labelposition="bottom" name="交换机" showLabel="true"/>
  <node id="44DB13D0-406D-E263-415D-1B358246EE50" text="核心交换机1" tooltip="交换机" type="image" bounds="551.0,698.4,80.0,69.0" dropShadow="true" gid="44DB13D0-406D-E263-415D-1B358246EE50" gtext="交换机" icon="assets/topo/oss/ONU.png" labelPosition="bottom" labelposition="bottom" name="交换机" showLabel="true"/>
  <node id="44D3592A-406D-EE27-41CB-A4AECE93DBD9" text="防火墙" tooltip="防火墙" type="image" bounds="569.3,248.8,42.0,69.0" dropShadow="true" gid="44D3592A-406D-EE27-41CB-A4AECE93DBD9" gtext="防火墙" icon="assets/topo/oss/firewall_03.gif" labelPosition="bottom" labelposition="bottom" name="防火墙" showLabel="true"/>
  <node id="44ADFE5C-406D-E263-4195-F52D000EA45B" text="防火墙1" tooltip="防火墙" type="image" bounds="438.2,272.6,52.0,69.0" dropShadow="true" gid="44ADFE5C-406D-E263-4195-F52D000EA45B" gtext="防火墙" icon="assets/topo/oss/firewall_03.gif" labelPosition="bottom" labelposition="bottom" name="防火墙" showLabel="true"/>
  <node id="44A90492-406D-A6E7-41B7-76F58915E3D4" text="核心交换机2" tooltip="HT_GW." type="image" bounds="1070.0,696.9,80.0,53.0" dropShadow="true" gid="44A90492-406D-A6E7-41B7-76F58915E3D4" gtext="HT_GW." icon="assets/topo/oss/HT_GW.png" labelPosition="bottom" labelposition="bottom" name="HT_GW." showLabel="true"/>
  <node id="44BE1998-406D-AEE3-41CB-B067E9EE656D" text="汇聚交换机2" tooltip="HT_GW." type="image" bounds="1068.3,798.5,80.0,53.0" dropShadow="true" gid="44BE1998-406D-AEE3-41CB-B067E9EE656D" gtext="HT_GW." icon="assets/topo/oss/HT_GW.png" labelPosition="bottom" labelposition="bottom" name="HT_GW." showLabel="true"/>
  <node id="44B57F05-406D-A3ED-41B6-6C1C57807458" text="核心交换机1" tooltip="交换机" type="image" bounds="568.3,380.2,80.0,53.0" dropShadow="true" gid="44B57F05-406D-A3ED-41B6-6C1C57807458" gtext="交换机" icon="assets/topo/oss/U_D.png" labelPosition="bottom" labelposition="bottom" name="交换机" showLabel="true"/>
  <node id="448D64CA-406D-A666-41CF-BBFFE1615E64" text="漏洞扫描" tooltip="BTS" type="image" bounds="992.0,153.8,56.0,53.0" dropShadow="true" gid="448D64CA-406D-A666-41CF-BBFFE1615E64" gtext="BTS" icon="assets/topo/oss/BTS.png" labelPosition="bottom" labelposition="bottom" name="BTS" showLabel="true"/>
  <node id="44CF9F2C-4072-E223-41C0-2B8D07F830E6" text="核心交换机1" tooltip="HT_GW." type="image" bounds="900.1,703.0,80.0,53.0" dropShadow="true" gid="44CF9F2C-4072-E223-41C0-2B8D07F830E6" gtext="HT_GW." icon="assets/topo/oss/HT_GW.png" labelPosition="bottom" labelposition="bottom" name="HT_GW." showLabel="true"/>
  <node id="44B57513-4072-A7E5-41C7-BD8D116AF055" text="数据库审计" tooltip="SW" type="image" bounds="301.8,149.1,70.0,69.0" dropShadow="true" gid="44B57513-4072-A7E5-41C7-BD8D116AF055" gtext="SW" icon="assets/topo/oss/SW.png" labelPosition="bottom" labelposition="bottom" name="SW" showLabel="true"/>
  <node id="4479446E-409E-E63F-41C0-42F9EF2CFD78" text="核心交换机2" tooltip="交换机" type="image" bounds="704.6,378.3,80.0,53.0" dropShadow="true" gid="4479446E-409E-E63F-41C0-42F9EF2CFD78" gtext="交换机" icon="assets/topo/oss/U_D.png" labelPosition="bottom" labelposition="bottom" name="交换机" showLabel="true"/>
  <node id="4473C51C-4093-A7E3-41C6-21DE6A225C09" text="汇聚交换机1" tooltip="BTS" type="image" bounds="316.3,287.7,80.0,53.0" dropShadow="true" gid="4473C51C-4093-A7E3-41C6-21DE6A225C09" gtext="BTS" icon="assets/topo/oss/BTS.png" labelPosition="bottom" labelposition="bottom" name="BTS" showLabel="true"/>
  <node id="4587CB8C-4093-A2E3-41C3-FF61C88AE26D" text="汇聚交换机2" tooltip="BTS" type="image" bounds="315.0,375.4,80.0,53.0" dropShadow="true" gid="4587CB8C-4093-A2E3-41C3-FF61C88AE26D" gtext="BTS" icon="assets/topo/oss/BTS.png" labelPosition="bottom" labelposition="bottom" name="BTS" showLabel="true"/>
  <node id="45A54623-40AD-A226-41CB-B8EF3308686A" text="防火墙1" tooltip="防火墙" type="image" bounds="856.6,247.6,52.0,69.0" dropShadow="true" gid="45A54623-40AD-A226-41CB-B8EF3308686A" gtext="防火墙" icon="assets/topo/oss/firewall_03.gif" labelPosition="bottom" labelposition="bottom" name="防火墙" showLabel="true"/>
  <node id="45BADD23-40AD-A625-41B9-D3AB30FE1B52" text="防火墙2" tooltip="防火墙" type="image" bounds="857.6,359.8,52.0,69.0" dropShadow="true" gid="45BADD23-40AD-A625-41B9-D3AB30FE1B52" gtext="防火墙" icon="assets/topo/oss/firewall_03.gif" labelPosition="bottom" labelposition="bottom" name="防火墙" showLabel="true"/>
  <node id="4593502D-40AD-BE3D-41C6-4B538D751C9E" text="汇聚交换机1" tooltip="BTS" type="image" bounds="955.1,281.0,80.0,53.0" dropShadow="true" gid="4593502D-40AD-BE3D-41C6-4B538D751C9E" gtext="BTS" icon="assets/topo/oss/BTS.png" labelPosition="bottom" labelposition="bottom" name="BTS" showLabel="true"/>
  <node id="45AE4866-40AD-AE2E-41CF-9FB6E3A40A01" text="汇聚交换机2" tooltip="BTS" type="image" bounds="946.8,380.7,80.0,53.0" dropShadow="true" gid="45AE4866-40AD-AE2E-41CF-9FB6E3A40A01" gtext="BTS" icon="assets/topo/oss/BTS.png" labelPosition="bottom" labelposition="bottom" name="BTS" showLabel="true"/>
  <node id="45D364A0-40B2-6623-41C7-9EF7823D3315" text="网络审计系统" tooltip="Database" type="image" bounds="356.7,441.8,84.0,61.0" dropShadow="true" gid="45D364A0-40B2-6623-41C7-9EF7823D3315" gtext="Database" icon="assets/topo/database.png" labelPosition="bottom" labelposition="bottom" name="Database" showLabel="true"/>
  <node id="45A12151-40B2-7E65-41CC-BD41F63F6E61" text="入侵检测系统" tooltip="Database" type="image" bounds="843.1,435.6,84.0,61.0" dropShadow="true" gid="45A12151-40B2-7E65-41CC-BD41F63F6E61" gtext="Database" icon="assets/topo/database.png" labelPosition="bottom" labelposition="bottom" name="Database" showLabel="true"/>
  <node id="45AF3CF5-40BE-662D-41B1-D82515A1C9E6" text="防火墙" tooltip="防火墙" type="image" bounds="572.9,448.0,42.0,69.0" dropShadow="true" gid="45AF3CF5-40BE-662D-41B1-D82515A1C9E6" gtext="防火墙" icon="assets/topo/oss/firewall_03.gif" labelPosition="bottom" labelposition="bottom" name="防火墙" showLabel="true"/>
  <node id="45D7E2C7-40BE-626D-41B0-62C6028C8742" text="防火墙" tooltip="防火墙" type="image" bounds="728.8,452.1,42.0,69.0" dropShadow="true" gid="45D7E2C7-40BE-626D-41B0-62C6028C8742" gtext="防火墙" icon="assets/topo/oss/firewall_03.gif" labelPosition="bottom" labelposition="bottom" name="防火墙" showLabel="true"/>
  <node id="45C743FC-40BE-A222-41A0-58F6DDF5362B" text="防火墙1" tooltip="防火墙" type="image" bounds="909.4,596.6,52.0,69.0" dropShadow="true" gid="45C743FC-40BE-A222-41A0-58F6DDF5362B" gtext="防火墙" icon="assets/topo/oss/firewall_03.gif" labelPosition="bottom" labelposition="bottom" name="防火墙" showLabel="true"/>
  <node id="45CA5EB6-40BE-A22F-41CB-1FF414992879" text="防火墙2" tooltip="防火墙" type="image" bounds="1083.4,584.8,52.0,69.0" dropShadow="true" gid="45CA5EB6-40BE-A22F-41CB-1FF414992879" gtext="防火墙" icon="assets/topo/oss/firewall_03.gif" labelPosition="bottom" labelposition="bottom" name="防火墙" showLabel="true"/>
  <node id="45F0BA89-40BF-A2E2-41A8-3CBA1CD0B41C" text="防火墙2" tooltip="防火墙" type="image" bounds="429.3,599.0,52.0,69.0" dropShadow="true" gid="45F0BA89-40BF-A2E2-41A8-3CBA1CD0B41C" gtext="防火墙" icon="assets/topo/oss/firewall_03.gif" labelPosition="bottom" labelposition="bottom" name="防火墙" showLabel="true"/>
  <node id="45F09590-40BF-A6E2-41C2-0EEBB7BE3B43" text="防火墙1" tooltip="防火墙" type="image" bounds="287.3,593.3,52.0,69.0" dropShadow="true" gid="45F09590-40BF-A6E2-41C2-0EEBB7BE3B43" gtext="防火墙" icon="assets/topo/oss/firewall_03.gif" labelPosition="bottom" labelposition="bottom" name="防火墙" showLabel="true"/>
  <node id="45F01679-40B5-A225-41C3-DC5D81DA9A1C" text="核心交换机1" tooltip="交换机" type="image" bounds="265.4,695.8,80.0,53.0" dropShadow="true" gid="45F01679-40B5-A225-41C3-DC5D81DA9A1C" gtext="交换机" icon="assets/topo/oss/U_D.png" labelPosition="bottom" labelposition="bottom" name="交换机" showLabel="true"/>
  <node id="45EBDE1B-40B5-A5E5-41C3-3E618CC64FE6" text="核心交换机2" tooltip="交换机" type="image" bounds="415.4,700.9,80.0,53.0" dropShadow="true" gid="45EBDE1B-40B5-A5E5-41C3-3E618CC64FE6" gtext="交换机" icon="assets/topo/oss/U_D.png" labelPosition="bottom" labelposition="bottom" name="交换机" showLabel="true"/>
  <node id="45E3EA46-40B6-626F-41CA-7194265FA5BB" text="汇聚交换机1" tooltip="BTS" type="image" bounds="266.1,796.3,80.0,53.0" dropShadow="true" gid="45E3EA46-40B6-626F-41CA-7194265FA5BB" gtext="BTS" icon="assets/topo/oss/BTS.png" labelPosition="bottom" labelposition="bottom" name="BTS" showLabel="true"/>
  <node id="45E4799A-40B6-6EE7-41C6-33A020424411" text="汇聚交换机2" tooltip="BTS" type="image" bounds="414.2,800.4,80.0,53.0" dropShadow="true" gid="45E4799A-40B6-6EE7-41C6-33A020424411" gtext="BTS" icon="assets/topo/oss/BTS.png" labelPosition="bottom" labelposition="bottom" name="BTS" showLabel="true"/>
  <node id="450DCCA3-40B6-E625-41B1-3D72A923F80D" text="数据库服务器" tooltip="IBM-Server" type="image" bounds="176.8,923.9,84.0,74.0" dropShadow="true" gid="450DCCA3-40B6-E625-41B1-3D72A923F80D" gtext="IBM-Server" height="42.35000000000001" icon="assets/topo/oss/server.png" labelposition="bottom" labelPosition="bottom" name="IBM-Server" showLabel="true" width="54.799999999999955"/>
  <node id="4530E5E8-40B6-6623-41D0-08F4F6CBDF73" text="代理服务器" tooltip="IBM-Server" type="image" bounds="289.1,927.8,70.0,74.0" dropShadow="true" gid="4530E5E8-40B6-6623-41D0-08F4F6CBDF73" gtext="IBM-Server" height="42.35000000000001" icon="assets/topo/oss/server.png" labelposition="bottom" labelPosition="bottom" name="IBM-Server" showLabel="true" width="54.799999999999955"/>
  <node id="4526ED19-40B6-67E5-41A4-490B303B3009" text="FTP服务器" tooltip="IBM-Server" type="image" bounds="384.8,926.5,69.0,74.0" dropShadow="true" gid="4526ED19-40B6-67E5-41A4-490B303B3009" gtext="IBM-Server" height="42.35000000000001" icon="assets/topo/oss/server.png" labelposition="bottom" labelPosition="bottom" name="IBM-Server" showLabel="true" width="54.799999999999955"/>
  <node id="4553356E-40B6-663F-4197-DED6909F827A" text="域名解析服务器" tooltip="IBM-Server" type="image" bounds="55.0,925.1,98.0,74.0" dropShadow="true" gid="4553356E-40B6-663F-4197-DED6909F827A" gtext="IBM-Server" height="42.35000000000001" icon="assets/topo/oss/server.png" labelposition="bottom" labelPosition="bottom" name="IBM-Server" showLabel="true" width="54.799999999999955"/>
  <node id="454CAC9B-40B6-66E5-41BE-DF019863AD74" text="域名解析服务器" tooltip="IBM-Server" type="image" bounds="853.7,924.1,98.0,74.0" dropShadow="true" gid="454CAC9B-40B6-66E5-41BE-DF019863AD74" gtext="IBM-Server" height="42.35000000000001" icon="assets/topo/oss/server.png" labelposition="bottom" labelPosition="bottom" name="IBM-Server" showLabel="true" width="54.799999999999955"/>
  <node id="4547A021-40B7-BE22-41C1-6BC5C0E2A104" text="代理服务器" tooltip="IBM-Server" type="image" bounds="1081.4,925.3,70.0,74.0" dropShadow="true" gid="4547A021-40B7-BE22-41C1-6BC5C0E2A104" gtext="IBM-Server" height="42.35000000000001" icon="assets/topo/oss/server.png" labelposition="bottom" labelPosition="bottom" name="IBM-Server" showLabel="true" width="54.799999999999955"/>
  <node id="4512BAEB-40B7-A225-41C6-A44DD7594920" text="数据库服务器" tooltip="IBM-Server" type="image" bounds="967.2,925.3,84.0,74.0" dropShadow="true" gid="4512BAEB-40B7-A225-41C6-A44DD7594920" gtext="IBM-Server" height="42.35000000000001" icon="assets/topo/oss/server.png" labelPosition="bottom" labelposition="bottom" name="IBM-Server" selected="true" showLabel="true" width="54.799999999999955"/>
  <node id="450D489F-40B2-AE1D-41B8-12416D872248" text="防火墙2" tooltip="防火墙" type="image" bounds="729.0,601.0,52.0,69.0" dropShadow="true" gid="450D489F-40B2-AE1D-41B8-12416D872248" gtext="防火墙" icon="assets/topo/oss/firewall_03.gif" labelPosition="bottom" labelposition="bottom" name="防火墙" showLabel="true"/>
  <node id="4502815B-40B2-BE65-41CA-E9E93FDC775E" text="防火墙1" tooltip="防火墙" type="image" bounds="567.0,603.0,52.0,69.0" dropShadow="true" gid="4502815B-40B2-BE65-41CA-E9E93FDC775E" gtext="防火墙" icon="assets/topo/oss/firewall_03.gif" labelPosition="bottom" labelposition="bottom" name="防火墙" showLabel="true"/>
  <node id="45381BF6-40B2-622F-41BF-5CF59EEFCAC7" text="核心交换机2" tooltip="交换机" type="image" bounds="718.0,702.0,80.0,69.0" dropShadow="true" gid="45381BF6-40B2-622F-41BF-5CF59EEFCAC7" gtext="交换机" icon="assets/topo/oss/ONU.png" labelPosition="bottom" labelposition="bottom" name="交换机" showLabel="true"/>
  <node id="45007284-40AD-A2E2-41BB-D6A2D7D6DB8A" text="汇聚交换机1" tooltip="交换机" type="image" bounds="552.0,798.0,80.0,53.0" dropShadow="true" gid="45007284-40AD-A2E2-41BB-D6A2D7D6DB8A" gtext="交换机" icon="assets/topo/oss/U_D.png" labelPosition="bottom" labelposition="bottom" name="交换机" showLabel="true"/>
  <node id="45342A1D-40AD-A21D-41C4-058D55328A1E" text="汇聚交换机2" tooltip="交换机" type="image" bounds="717.0,798.0,80.0,53.0" dropShadow="true" gid="45342A1D-40AD-A21D-41C4-058D55328A1E" gtext="交换机" icon="assets/topo/oss/U_D.png" labelPosition="bottom" labelposition="bottom" name="交换机" showLabel="true"/>
  <node id="450B7805-40AE-6DED-41C9-AF1CB25A50CE" text="数据库服务器" tooltip="IBM-Server" type="image" bounds="585.0,928.0,84.0,74.0" dropShadow="true" gid="450B7805-40AE-6DED-41C9-AF1CB25A50CE" gtext="IBM-Server" height="42.35000000000001" icon="assets/topo/oss/server.png" labelposition="bottom" labelPosition="bottom" name="IBM-Server" showLabel="true" width="54.799999999999955"/>
  <node id="453C0FCC-40AE-6263-41A0-8F8EE3BF2B0B" text="FTP服务器" tooltip="IBM-Server" type="image" bounds="775.0,924.0,69.0,74.0" dropShadow="true" gid="453C0FCC-40AE-6263-41A0-8F8EE3BF2B0B" gtext="IBM-Server" height="42.35000000000001" icon="assets/topo/oss/server.png" labelposition="bottom" labelPosition="bottom" name="IBM-Server" showLabel="true" width="54.799999999999955"/>
  <node id="4531577F-40AE-621D-41A1-34E33D293872" text="代理服务器" tooltip="IBM-Server" type="image" bounds="683.0,927.0,70.0,74.0" dropShadow="true" gid="4531577F-40AE-621D-41A1-34E33D293872" gtext="IBM-Server" height="42.35000000000001" icon="assets/topo/oss/server.png" labelposition="bottom" labelPosition="bottom" name="IBM-Server" showLabel="true" width="54.799999999999955"/>
  <node id="45274269-40AF-A225-41C3-4031295C04FB" text="域名解析服务器" tooltip="IBM-Server" type="image" bounds="474.0,928.0,98.0,74.0" dropShadow="true" gid="45274269-40AF-A225-41C3-4031295C04FB" gtext="IBM-Server" height="42.35000000000001" icon="assets/topo/oss/server.png" labelposition="bottom" labelPosition="bottom" name="IBM-Server" showLabel="true" width="54.799999999999955"/>
  <node id="41A90B8C-46F2-EE8E-414E-E7A0722B8198" text="上海一分行" tooltip="文字标签" type="component" bounds="183.0,694.0,70.0,15.0" selected="true" class="label" dropShadow="true" gid="41A90B8C-46F2-EE8E-414E-E7A0722B8198" gtext="上海一分行" height="40"  labelposition="bottom" name="文字标签" showLabel="true" width="100"/>
  <node id="41FD8D3C-46FF-6B8E-41C5-51B19F8D84A6" text="广州一分行" tooltip="文字标签" type="component" bounds="494.0,695.0,70.0,15.0" class="label" dropShadow="true" gid="41FD8D3C-46FF-6B8E-41C5-51B19F8D84A6" gtext="广州一分行" height="40"  labelposition="bottom" name="文字标签" showLabel="true" width="100"/>
  <node id="41E604D4-46FF-7A9E-41C7-BEAF5EFBC633" text="成都一分行" tooltip="文字标签" type="component" bounds="818.0,694.0,70.0,15.0" class="label" dropShadow="true" gid="41E604D4-46FF-7A9E-41C7-BEAF5EFBC633" gtext="成都一分行" height="40"  labelposition="bottom" name="文字标签" selected="true" showLabel="true" width="100"/>
  <node id="40BD1102-4705-EF8D-41A3-D2B6ABD20BA2" text="FTP服务器" tooltip="服务器" type="image" bounds="1182.0,922.0,69.0,74.0" dropShadow="true" gid="40BD1102-4705-EF8D-41A3-D2B6ABD20BA2" gtext="FTP服务器" icon="assets/topo/oss/server.png" labelposition="bottom" name="服务器" showLabel="true"/>
  <arc id="45C17F01-40B2-A3E5-41B4-A8F57F2ADB94" type="实线" tooltip="汇聚交换机2 - 实线 - 代理服务器" source="44BE1998-406D-AEE3-41CB-B067E9EE656D" destination="4547A021-40B7-BE22-41C1-6BC5C0E2A104"/>
  <arc id="45002E61-40AE-6222-41BB-B0306BA7D970" type="实线" tooltip="核心交换机2 - 实线 - 防火墙1" source="45381BF6-40B2-622F-41BF-5CF59EEFCAC7" destination="4502815B-40B2-BE65-41CA-E9E93FDC775E"/>
  <arc id="450E2C69-40B7-A622-41C1-4B06730D51C2" type="实线" tooltip="防火墙2 - 实线 - 核心交换机1" source="45F0BA89-40BF-A2E2-41A8-3CBA1CD0B41C" destination="45F01679-40B5-A225-41C3-DC5D81DA9A1C"/>
  <arc id="45EF1251-40AE-A262-41B8-8112DB4A2625" type="实线" tooltip="汇聚交换机1 - 实线 - 核心交换机2" source="45007284-40AD-A2E2-41BB-D6A2D7D6DB8A" destination="45381BF6-40B2-622F-41BF-5CF59EEFCAC7"/>
  <arc id="45239715-40B5-E3EC-41C8-87D5BC2FA309" type="实线" tooltip="域名解析服务器 - 实线 - 汇聚交换机1" source="4553356E-40B6-663F-4197-DED6909F827A" destination="45E3EA46-40B6-626F-41CA-7194265FA5BB"/>
  <arc id="456D15D2-4075-E666-41C9-579EDF591000" type="实线" tooltip="数据库服务器 - 实线 - 汇聚交换机1" source="440489CF-406E-6E7D-4192-11A1B6E74049" destination="44C7C9B0-406D-AE22-41BE-231500C28807"/>
  <arc id="4522747E-40B5-A61F-41C7-7669126BCD62" type="实线" tooltip="域名解析服务器 - 实线 - 汇聚交换机2" source="4553356E-40B6-663F-4197-DED6909F827A" destination="45E4799A-40B6-6EE7-41C6-33A020424411"/>
  <arc id="4507ECB4-40B2-A623-419C-FE0AC43A8DB7" type="实线" tooltip="汇聚交换机2 - 实线 - 核心交换机2" source="44BE1998-406D-AEE3-41CB-B067E9EE656D" destination="44A90492-406D-A6E7-41B7-76F58915E3D4"/>
  <arc id="45057469-40B6-E625-41C0-9CAA5F0DE947" type="实线" tooltip="代理服务器 - 实线 - 汇聚交换机1" source="4530E5E8-40B6-6623-41D0-08F4F6CBDF73" destination="45E3EA46-40B6-626F-41CA-7194265FA5BB"/>
  <arc id="44A2292E-4076-6E3E-41CA-E766CE1016F9" type="实线" tooltip="OA服务器 - 实线 - 汇聚交换机1" source="441DC587-406F-A6EE-41AC-1F83D09CC71B" destination="44C7C9B0-406D-AE22-41BE-231500C28807"/>
  <arc id="45345D91-40B6-E6E5-41AC-B32F1D016F78" type="实线" tooltip="FTP服务器 - 实线 - 汇聚交换机1" source="4526ED19-40B6-67E5-41A4-490B303B3009" destination="45E3EA46-40B6-626F-41CA-7194265FA5BB"/>
  <arc id="45AFBDCE-40B3-E67F-41C2-522A842C90B3" type="实线" tooltip="接入交换机2 - 实线 - 汇聚交换机2" source="445270F5-406D-DE2D-41BD-EC8771F694D9" destination="45AE4866-40AD-AE2E-41CF-9FB6E3A40A01"/>
  <arc id="45540784-4075-A2E3-415E-17B9559F9E14" type="实线" tooltip="代理服务器 - 实线 - 汇聚交换机2" source="4400CFBE-406E-621F-41C6-97A985B2ABC1" destination="44C95776-406D-E22F-41C8-27154428FBA4"/>
  <arc id="453B570A-40AE-63E7-41B5-6A60423F6BFA" type="实线" tooltip="核心交换机1 - 实线 - 核心交换机2" source="44DB13D0-406D-E263-415D-1B358246EE50" destination="45381BF6-40B2-622F-41BF-5CF59EEFCAC7"/>
  <arc id="448F0FD4-4075-E263-41CF-506F58E7D288" type="实线" tooltip="防火墙 - 实线 - 汇聚交换机2" source="44D3592A-406D-EE27-41CB-A4AECE93DBD9" destination="44C95776-406D-E22F-41C8-27154428FBA4"/>
  <arc id="45EEC6A9-40AE-E225-4199-91664145A3F7" type="实线" tooltip="汇聚交换机2 - 实线 - 核心交换机1" source="45342A1D-40AD-A21D-41C4-058D55328A1E" destination="44DB13D0-406D-E263-415D-1B358246EE50"/>
  <arc id="450F0B0B-40B7-A3E5-413C-60462090C8F0" type="实线" tooltip="核心交换机2 - 实线 - 汇聚交换机1" source="45EBDE1B-40B5-A5E5-41C3-3E618CC64FE6" destination="45E3EA46-40B6-626F-41CA-7194265FA5BB"/>
  <arc id="45AF31B8-40AE-DE22-41C9-2808915D78E9" type="实线" tooltip="接入交换机1 - 实线 - 汇聚交换机2" source="44C3FDB0-406D-E623-414C-E4855F531550" destination="4587CB8C-4093-A2E3-41C3-FF61C88AE26D"/>
  <arc id="4502B6BA-40B7-E227-41C3-72988FFF0F3C" type="实线" tooltip="核心交换机1 - 实线 - 防火墙1" source="45F01679-40B5-A225-41C3-DC5D81DA9A1C" destination="45F09590-40BF-A6E2-41C2-0EEBB7BE3B43"/>
  <arc id="450CFD16-40B6-67EF-41C5-BF608E295D88" type="实线" tooltip="汇聚交换机1 - 实线 - 汇聚交换机2" source="45E3EA46-40B6-626F-41CA-7194265FA5BB" destination="45E4799A-40B6-6EE7-41C6-33A020424411"/>
  <arc id="459428FE-4092-6E1F-41C8-9D20D253CD5B" type="实线" tooltip="汇聚交换机2 - 实线 - 防火墙1" source="4587CB8C-4093-A2E3-41C3-FF61C88AE26D" destination="44ADFE5C-406D-E263-4195-F52D000EA45B"/>
  <arc id="4503DF32-40B6-6227-41B7-1C1E199A644C" type="实线" tooltip="汇聚交换机2 - 实线 - 核心交换机1" source="45E4799A-40B6-6EE7-41C6-33A020424411" destination="45F01679-40B5-A225-41C3-DC5D81DA9A1C"/>
  <arc id="4555332D-40AD-E23D-41CC-98E0751A6FD7" type="实线" tooltip="防火墙2 - 实线 - 防火墙" source="450D489F-40B2-AE1D-41B8-12416D872248" destination="45D7E2C7-40BE-626D-41B0-62C6028C8742"/>
  <arc id="4501E2C8-40B2-E262-41CE-E18A240B1F3F" type="实线" tooltip="汇聚交换机2 - 实线 - 汇聚交换机1" source="44BE1998-406D-AEE3-41CB-B067E9EE656D" destination="44FABEEE-406D-A23F-4170-F6D75456E5D5"/>
  <arc id="44803140-4076-DE63-41B0-CBD7B8165008" type="实线" tooltip="汇聚交换机1 - 实线 - 汇聚交换机2" source="44C7C9B0-406D-AE22-41BE-231500C28807" destination="44C95776-406D-E22F-41C8-27154428FBA4"/>
  <arc id="459532BD-4092-A21D-4195-C9CEBC116049" type="实线" tooltip="汇聚交换机1 - 实线 - 汇聚交换机2" source="4473C51C-4093-A7E3-41C6-21DE6A225C09" destination="4587CB8C-4093-A2E3-41C3-FF61C88AE26D"/>
  <arc id="45999206-4097-DDEF-41BA-31EB398C79E9" type="实线" tooltip="核心交换机2 - 实线 - 防火墙" source="4479446E-409E-E63F-41C0-42F9EF2CFD78" destination="44D3592A-406D-EE27-41CB-A4AECE93DBD9"/>
  <arc id="450FB41A-40B7-A5E6-41C2-4E1B7DB47CDF" type="实线" tooltip="防火墙1 - 实线 - 核心交换机2" source="45F09590-40BF-A6E2-41C2-0EEBB7BE3B43" destination="45EBDE1B-40B5-A5E5-41C3-3E618CC64FE6"/>
  <arc id="45202597-40AF-A6ED-41BE-1880EA2D9FFC" type="实线" tooltip="汇聚交换机1 - 实线 - 域名解析服务器" source="45007284-40AD-A2E2-41BB-D6A2D7D6DB8A" destination="45274269-40AF-A225-41C3-4031295C04FB"/>
  <arc id="45AA405F-40B2-FE1D-41BF-62F8902EB85A" type="实线" tooltip="汇聚交换机2 - 实线 - 防火墙2" source="45AE4866-40AD-AE2E-41CF-9FB6E3A40A01" destination="45BADD23-40AD-A625-41B9-D3AB30FE1B52"/>
  <arc id="453C774C-40B2-A263-41B6-DCC68049700B" type="实线" tooltip="核心交换机1 - 实线 - 核心交换机2" source="44CF9F2C-4072-E223-41C0-2B8D07F830E6" destination="44A90492-406D-A6E7-41B7-76F58915E3D4"/>
  <arc id="45DC11F2-40B2-5E26-41B6-D26910F314A4" type="实线" tooltip="网络审计系统 - 实线 - 核心交换机1" source="45D364A0-40B2-6623-41C7-9EF7823D3315" destination="44B57F05-406D-A3ED-41B6-6C1C57807458"/>
  <arc id="45296409-40AF-E5E5-41C1-F008E8849CEF" type="实线" tooltip="汇聚交换机2 - 实线 - 代理服务器" source="45342A1D-40AD-A21D-41C4-058D55328A1E" destination="4531577F-40AE-621D-41A1-34E33D293872"/>
  <arc id="45075E43-40B2-6265-41C6-48AC97F0BC9F" type="实线" tooltip="核心交换机1 - 实线 - 防火墙2" source="44CF9F2C-4072-E223-41C0-2B8D07F830E6" destination="45CA5EB6-40BE-A22F-41CB-1FF414992879"/>
  <arc id="4578A7F2-4075-A226-41C2-714D9089546B" type="实线" tooltip="汇聚交换机1 - 实线 - 防火墙" source="44C7C9B0-406D-AE22-41BE-231500C28807" destination="44D3592A-406D-EE27-41CB-A4AECE93DBD9"/>
  <arc id="45ACE933-40AE-AE26-41BA-6F7AE882F40C" type="实线" tooltip="接入交换机3 - 实线 - 汇聚交换机1" source="44C2CC7F-406E-661D-41B9-0A6ACBD376C2" destination="4473C51C-4093-A7E3-41C6-21DE6A225C09"/>
  <arc id="458D6C74-40BE-A622-41C8-876B99368C2F" type="实线" tooltip="防火墙 - 实线 - 防火墙1" source="45AF3CF5-40BE-662D-41B1-D82515A1C9E6" destination="45F09590-40BF-A6E2-41C2-0EEBB7BE3B43"/>
  <arc id="45A0DA26-40BE-622F-41C9-3CC2340FEDFD" type="实线" tooltip="防火墙2 - 实线 - 防火墙1" source="45F0BA89-40BF-A2E2-41A8-3CBA1CD0B41C" destination="45F09590-40BF-A6E2-41C2-0EEBB7BE3B43"/>
  <arc id="449E38E7-4076-6E2D-41CF-2CCC78A1E3FF" type="实线" tooltip="数据库审计 - 实线 - 汇聚交换机1" source="44B57513-4072-A7E5-41C7-BD8D116AF055" destination="44C7C9B0-406D-AE22-41BE-231500C28807"/>
  <arc id="45073308-40B2-63E3-41CD-2CF9C4ACD986" type="实线" tooltip="防火墙2 - 实线 - 核心交换机2" source="45CA5EB6-40BE-A22F-41CB-1FF414992879" destination="44A90492-406D-A6E7-41B7-76F58915E3D4"/>
  <arc id="453CBD02-40B2-A7E7-41C7-79764DF73D71" type="实线" tooltip="核心交换机2 - 实线 - 汇聚交换机1" source="44A90492-406D-A6E7-41B7-76F58915E3D4" destination="44FABEEE-406D-A23F-4170-F6D75456E5D5"/>
  <arc id="4595B330-4092-E222-41C4-0FF5879ACAFC" type="实线" tooltip="防火墙2 - 实线 - 防火墙1" source="44F55023-406E-5E25-41C4-7F16FE44677C" destination="44ADFE5C-406D-E263-4195-F52D000EA45B"/>
  <arc id="4523DFEC-40AF-E223-41B7-820145253B84" type="实线" tooltip="数据库服务器 - 实线 - 汇聚交换机1" source="450B7805-40AE-6DED-41C9-AF1CB25A50CE" destination="45007284-40AD-A2E2-41BB-D6A2D7D6DB8A"/>
  <arc id="45EB4AE1-40AE-A225-41C0-E07AE4E838D4" type="实线" tooltip="核心交换机2 - 实线 - 防火墙2" source="45381BF6-40B2-622F-41BF-5CF59EEFCAC7" destination="450D489F-40B2-AE1D-41B8-12416D872248"/>
  <arc id="45E84EB0-40AE-A223-418D-0BCAC785CCDA" type="实线" tooltip="核心交换机1 - 实线 - 防火墙1" source="44DB13D0-406D-E263-415D-1B358246EE50" destination="4502815B-40B2-BE65-41CA-E9E93FDC775E"/>
  <arc id="45ACA0FB-40B2-DE26-41CB-407764D5929C" type="实线" tooltip="防火墙2 - 实线 - 防火墙1" source="45BADD23-40AD-A625-41B9-D3AB30FE1B52" destination="45A54623-40AD-A226-41CB-B8EF3308686A"/>
  <arc id="45AD9D45-40B3-E662-41B2-2FD460176684" type="实线" tooltip="汇聚交换机2 - 实线 - 接入交换机1" source="45AE4866-40AD-AE2E-41CF-9FB6E3A40A01" destination="44C8F7B3-406E-6225-41C6-97EAEAFDAAD9"/>
  <arc id="45AA2159-40B2-BE65-41B0-2868A7623C26" type="实线" tooltip="核心交换机2 - 实线 - 防火墙1" source="4479446E-409E-E63F-41C0-42F9EF2CFD78" destination="45A54623-40AD-A226-41CB-B8EF3308686A"/>
  <arc id="452978A4-40B6-AE23-41C1-A8A1177164A2" type="实线" tooltip="FTP服务器 - 实线 - 汇聚交换机2" source="4526ED19-40B6-67E5-41A4-490B303B3009" destination="45E4799A-40B6-6EE7-41C6-33A020424411"/>
  <arc id="4593600A-40AE-DDE7-41BB-8206FDAE5E04" type="实线" tooltip="接入交换机2 - 实线 - 汇聚交换机1" source="44C9C472-406D-A626-418C-121BE1E8E2C9" destination="4473C51C-4093-A7E3-41C6-21DE6A225C09"/>
  <arc id="45AC1DAF-40B2-A63D-4172-64F6D2B4DD78" type="实线" tooltip="防火墙1 - 实线 - 核心交换机1" source="45A54623-40AD-A226-41CB-B8EF3308686A" destination="44B57F05-406D-A3ED-41B6-6C1C57807458"/>
  <arc id="455C706F-40AE-5E3D-41A2-77F8C85B4302" type="实线" tooltip="汇聚交换机2 - 实线 - 域名解析服务器" source="45342A1D-40AD-A21D-41C4-058D55328A1E" destination="45274269-40AF-A225-41C3-4031295C04FB"/>
  <arc id="45EE9462-40AE-A627-41C6-C49A9D2C3CD4" type="实线" tooltip="汇聚交换机1 - 实线 - 核心交换机1" source="45007284-40AD-A2E2-41BB-D6A2D7D6DB8A" destination="44DB13D0-406D-E263-415D-1B358246EE50"/>
  <arc id="45903701-40AE-E3E5-41A3-A3BC68B34FEF" type="实线" tooltip="接入交换机2 - 实线 - 汇聚交换机2" source="44C9C472-406D-A626-418C-121BE1E8E2C9" destination="4587CB8C-4093-A2E3-41C3-FF61C88AE26D"/>
  <arc id="44B9FC8D-4076-66FD-41A0-4F6B3714A841" type="实线" tooltip="OA服务器 - 实线 - 汇聚交换机2" source="441DC587-406F-A6EE-41AC-1F83D09CC71B" destination="44C95776-406D-E22F-41C8-27154428FBA4"/>
  <arc id="4596652E-4092-663E-41BD-EF460561185B" type="实线" tooltip="防火墙1 - 实线 - 核心交换机2" source="44ADFE5C-406D-E263-4195-F52D000EA45B" destination="4479446E-409E-E63F-41C0-42F9EF2CFD78"/>
  <arc id="45037272-40B2-A227-41AD-F388A608F948" type="实线" tooltip="防火墙1 - 实线 - 核心交换机1" source="45C743FC-40BE-A222-41A0-58F6DDF5362B" destination="44CF9F2C-4072-E223-41C0-2B8D07F830E6"/>
  <arc id="45953BD2-4092-E267-41B8-AD2BD94D3E18" type="实线" tooltip="防火墙2 - 实线 - 核心交换机1" source="44F55023-406E-5E25-41C4-7F16FE44677C" destination="44B57F05-406D-A3ED-41B6-6C1C57807458"/>
  <arc id="459C90AE-4097-FE3F-41C4-CE37BC8260DF" type="实线" tooltip="核心交换机1 - 实线 - 防火墙" source="44B57F05-406D-A3ED-41B6-6C1C57807458" destination="44D3592A-406D-EE27-41CB-A4AECE93DBD9"/>
  <arc id="45AD62E6-40BD-A22F-41C4-B0FE6E1EBED8" type="实线" tooltip="防火墙 - 实线 - 防火墙1" source="45AF3CF5-40BE-662D-41B1-D82515A1C9E6" destination="45C743FC-40BE-A222-41A0-58F6DDF5362B"/>
  <arc id="456BE848-4075-EE63-4195-4C00F9A1F75C" type="实线" tooltip="域名解析服务器 - 实线 - 汇聚交换机2" source="440DE393-406E-62E5-41B8-F297B2A3BCE9" destination="44C95776-406D-E22F-41C8-27154428FBA4"/>
  <arc id="45AD314E-40BE-FE7F-41C0-EE590DBB1463" type="实线" tooltip="防火墙 - 实线 - 核心交换机1" source="45AF3CF5-40BE-662D-41B1-D82515A1C9E6" destination="44B57F05-406D-A3ED-41B6-6C1C57807458"/>
  <arc id="4502B9D8-40B2-6E63-41BA-38AECFB87F77" type="实线" tooltip="核心交换机2 - 实线 - 防火墙1" source="44A90492-406D-A6E7-41B7-76F58915E3D4" destination="45C743FC-40BE-A222-41A0-58F6DDF5362B"/>
  <arc id="459E8A6A-4097-A226-41C8-7C849F587B3D" type="实线" tooltip="核心交换机1 - 实线 - 防火墙" source="44B57F05-406D-A3ED-41B6-6C1C57807458" destination="44E30AC6-406D-A26F-41C4-C299AAB3AE59"/>
  <arc id="45C4D8AF-40B2-AE3D-41C0-D8CEF8CAC135" type="实线" tooltip="汇聚交换机1 - 实线 - 代理服务器" source="44FABEEE-406D-A23F-4170-F6D75456E5D5" destination="4547A021-40B7-BE22-41C1-6BC5C0E2A104"/>
  <arc id="45078C9B-40B6-A6E6-41A0-17CF4A4D56BF" type="实线" tooltip="数据库服务器 - 实线 - 汇聚交换机2" source="450DCCA3-40B6-E625-41B1-3D72A923F80D" destination="45E4799A-40B6-6EE7-41C6-33A020424411"/>
  <arc id="45AF64AA-40BD-A627-41BA-747E7AE9EC4B" type="实线" tooltip="防火墙 - 实线 - 防火墙2" source="45D7E2C7-40BE-626D-41B0-62C6028C8742" destination="45CA5EB6-40BE-A22F-41CB-1FF414992879"/>
  <arc id="45AD6266-40AD-A22E-41C5-047EA35191D8" type="实线" tooltip="防火墙2 - 实线 - 核心交换机2" source="44F55023-406E-5E25-41C4-7F16FE44677C" destination="4479446E-409E-E63F-41C0-42F9EF2CFD78"/>
  <arc id="45A85EAE-40BD-A23E-4174-17710147B9E2" type="实线" tooltip="防火墙 - 实线 - 防火墙1" source="45D7E2C7-40BE-626D-41B0-62C6028C8742" destination="45C743FC-40BE-A222-41A0-58F6DDF5362B"/>
  <arc id="4595FCD2-4092-A667-419E-BD043F113434" type="实线" tooltip="防火墙2 - 实线 - 汇聚交换机1" source="44F55023-406E-5E25-41C4-7F16FE44677C" destination="4473C51C-4093-A7E3-41C6-21DE6A225C09"/>
  <arc id="40151BD2-4705-D28D-41A4-235564DB6510" type="实线" tooltip="FTP服务器 - 实线 - 汇聚交换机1" source="40BD1102-4705-EF8D-41A3-D2B6ABD20BA2" destination="44FABEEE-406D-A23F-4170-F6D75456E5D5"/>
  <arc id="458A85A5-40BE-A622-41B5-F075588FAE96" type="实线" tooltip="防火墙2 - 实线 - 防火墙" source="45F0BA89-40BF-A2E2-41A8-3CBA1CD0B41C" destination="45D7E2C7-40BE-626D-41B0-62C6028C8742"/>
  <arc id="450324C9-40B6-6665-41C2-8C342F31C311" type="实线" tooltip="汇聚交换机2 - 实线 - 核心交换机2" source="45E4799A-40B6-6EE7-41C6-33A020424411" destination="45EBDE1B-40B5-A5E5-41C3-3E618CC64FE6"/>
  <arc id="448E2B11-4075-A3E5-41CE-2659B4E6B5D9" type="实线" tooltip="汇聚交换机2 - 实线 - 防火墙" source="44C95776-406D-E22F-41C8-27154428FBA4" destination="44E30AC6-406D-A26F-41C4-C299AAB3AE59"/>
  <arc id="45A92C0A-40B3-A5E7-41CB-201DFCE3A9CE" type="实线" tooltip="汇聚交换机1 - 实线 - 接入交换机2" source="4593502D-40AD-BE3D-41C6-4B538D751C9E" destination="445270F5-406D-DE2D-41BD-EC8771F694D9"/>
  <arc id="45271EA6-40AF-A22E-41BB-13FBFC45BE94" type="实线" tooltip="汇聚交换机1 - 实线 - 代理服务器" source="45007284-40AD-A2E2-41BB-D6A2D7D6DB8A" destination="4531577F-40AE-621D-41A1-34E33D293872"/>
  <arc id="45957A06-4092-EDEE-41B5-E50636DD6D06" type="实线" tooltip="防火墙1 - 实线 - 汇聚交换机1" source="44ADFE5C-406D-E263-4195-F52D000EA45B" destination="4473C51C-4093-A7E3-41C6-21DE6A225C09"/>
  <arc id="450C118D-40B6-5EFC-41BE-9FCDDABA2554" type="实线" tooltip="核心交换机1 - 实线 - 汇聚交换机1" source="45F01679-40B5-A225-41C3-DC5D81DA9A1C" destination="45E3EA46-40B6-626F-41CA-7194265FA5BB"/>
  <arc id="45AD3C4F-40B2-A67D-41C7-69A1EFD1A689" type="实线" tooltip="核心交换机2 - 实线 - 防火墙2" source="4479446E-409E-E63F-41C0-42F9EF2CFD78" destination="45BADD23-40AD-A625-41B9-D3AB30FE1B52"/>
  <arc id="4599C8A1-4097-EE25-41C7-6EAE38377875" type="实线" tooltip="核心交换机2 - 实线 - 防火墙" source="4479446E-409E-E63F-41C0-42F9EF2CFD78" destination="44E30AC6-406D-A26F-41C4-C299AAB3AE59"/>
  <arc id="448659AE-4076-AE3F-41C2-ED5341BB5261" type="实线" tooltip="漏洞扫描 - 实线 - 汇聚交换机1" source="448D64CA-406D-A666-41CF-BBFFE1615E64" destination="44C7C9B0-406D-AE22-41BE-231500C28807"/>
  <arc id="45A1EDF4-40BE-6623-41AD-BD49F4D748BA" type="实线" tooltip="防火墙 - 实线 - 防火墙2" source="45AF3CF5-40BE-662D-41B1-D82515A1C9E6" destination="45F0BA89-40BF-A2E2-41A8-3CBA1CD0B41C"/>
  <arc id="4500E46B-40B6-A626-41C6-8A1568617ADA" type="实线" tooltip="数据库服务器 - 实线 - 汇聚交换机1" source="450DCCA3-40B6-E625-41B1-3D72A923F80D" destination="45E3EA46-40B6-626F-41CA-7194265FA5BB"/>
  <arc id="4501B779-40B2-A225-417D-32A75DE09B8F" type="实线" tooltip="核心交换机1 - 实线 - 汇聚交换机2" source="44CF9F2C-4072-E223-41C0-2B8D07F830E6" destination="44BE1998-406D-AEE3-41CB-B067E9EE656D"/>
  <arc id="45EE2FCA-40AE-A266-41BE-D3866FD6AF5C" type="实线" tooltip="汇聚交换机2 - 实线 - 汇聚交换机1" source="45342A1D-40AD-A21D-41C4-058D55328A1E" destination="45007284-40AD-A2E2-41BB-D6A2D7D6DB8A"/>
  <arc id="453B4D0C-40B6-E7FC-41C5-0029021D62C3" type="实线" tooltip="代理服务器 - 实线 - 汇聚交换机2" source="4530E5E8-40B6-6623-41D0-08F4F6CBDF73" destination="45E4799A-40B6-6EE7-41C6-33A020424411"/>
  <arc id="45D62235-40BD-E22C-41C2-521337EB71F4" type="实线" tooltip="防火墙 - 实线 - 防火墙2" source="45AF3CF5-40BE-662D-41B1-D82515A1C9E6" destination="45CA5EB6-40BE-A22F-41CB-1FF414992879"/>
  <arc id="45617F33-4075-A225-41B6-E89BE56F0A13" type="实线" tooltip="汇聚交换机1 - 实线 - 域名解析服务器" source="44C7C9B0-406D-AE22-41BE-231500C28807" destination="440DE393-406E-62E5-41B8-F297B2A3BCE9"/>
  <arc id="455C9370-4076-6223-41B0-0617DEEA218D" type="实线" tooltip="FTP服务器 - 实线 - 汇聚交换机2" source="44D322E8-406E-A222-41C3-3713D54DAD74" destination="44C95776-406D-E22F-41C8-27154428FBA4"/>
  <arc id="45258A4C-40AF-E263-41C2-56DD11CFA111" type="实线" tooltip="汇聚交换机2 - 实线 - 数据库服务器" source="45342A1D-40AD-A21D-41C4-058D55328A1E" destination="450B7805-40AE-6DED-41C9-AF1CB25A50CE"/>
  <arc id="45D3D82C-40BD-EE23-41C0-4103D80D0D44" type="实线" tooltip="防火墙2 - 实线 - 防火墙1" source="45CA5EB6-40BE-A22F-41CB-1FF414992879" destination="45C743FC-40BE-A222-41A0-58F6DDF5362B"/>
  <arc id="459C293D-4097-AE1D-41CC-32D01A97E181" type="实线" tooltip="核心交换机1 - 实线 - 核心交换机2" source="44B57F05-406D-A3ED-41B6-6C1C57807458" destination="4479446E-409E-E63F-41C0-42F9EF2CFD78"/>
  <arc id="450F1F96-40B7-E2EF-41CD-39FB2BB53180" type="实线" tooltip="核心交换机1 - 实线 - 核心交换机2" source="45F01679-40B5-A225-41C3-DC5D81DA9A1C" destination="45EBDE1B-40B5-A5E5-41C3-3E618CC64FE6"/>
  <arc id="45EB90AA-40AE-DE27-41BA-B22CA6DB09FB" type="实线" tooltip="防火墙2 - 实线 - 防火墙1" source="450D489F-40B2-AE1D-41B8-12416D872248" destination="4502815B-40B2-BE65-41CA-E9E93FDC775E"/>
  <arc id="455808D6-40AD-EE6F-41D0-041C7B8A492C" type="实线" tooltip="防火墙1 - 实线 - 防火墙" source="4502815B-40B2-BE65-41CA-E9E93FDC775E" destination="45AF3CF5-40BE-662D-41B1-D82515A1C9E6"/>
  <arc id="45A9EB04-40B2-E3EC-41B5-C00F871F14EA" type="实线" tooltip="防火墙2 - 实线 - 汇聚交换机1" source="45BADD23-40AD-A625-41B9-D3AB30FE1B52" destination="4593502D-40AD-BE3D-41C6-4B538D751C9E"/>
  <arc id="45A9D061-40BE-5E22-41CB-72E446808D5D" type="实线" tooltip="防火墙 - 实线 - 防火墙" source="45AF3CF5-40BE-662D-41B1-D82515A1C9E6" destination="45D7E2C7-40BE-626D-41B0-62C6028C8742"/>
  <arc id="45D1C3F0-40B3-A223-41B3-1723552EC0F7" type="实线" tooltip="汇聚交换机2 - 实线 - 接入交换机3" source="45AE4866-40AD-AE2E-41CF-9FB6E3A40A01" destination="44DAB0EA-406E-7E27-41CD-6449D8BDE517"/>
  <arc id="45D85F0D-40BD-A3FD-41BC-3C447200E8FA" type="实线" tooltip="核心交换机2 - 实线 - 入侵检测系统" source="4479446E-409E-E63F-41C0-42F9EF2CFD78" destination="45A12151-40B2-7E65-41CC-BD41F63F6E61"/>
  <arc id="450DE502-40B7-A7E7-41B0-AB72A25849B5" type="实线" tooltip="核心交换机2 - 实线 - 防火墙2" source="45EBDE1B-40B5-A5E5-41C3-3E618CC64FE6" destination="45F0BA89-40BF-A2E2-41A8-3CBA1CD0B41C"/>
  <arc id="45C510A9-40B2-BE25-41B6-766D6C1599B3" type="实线" tooltip="汇聚交换机2 - 实线 - 域名解析服务器" source="44BE1998-406D-AEE3-41CB-B067E9EE656D" destination="454CAC9B-40B6-66E5-41BE-DF019863AD74"/>
  <arc id="4554B815-40AD-EDE2-41D0-0614B671E5A4" type="实线" tooltip="防火墙 - 实线 - 防火墙1" source="45D7E2C7-40BE-626D-41B0-62C6028C8742" destination="4502815B-40B2-BE65-41CA-E9E93FDC775E"/>
  <arc id="4593C83E-40AE-AE1F-41B0-8CEE78A1FAB0" type="实线" tooltip="接入交换机1 - 实线 - 汇聚交换机1" source="44C3FDB0-406D-E623-414C-E4855F531550" destination="4473C51C-4093-A7E3-41C6-21DE6A225C09"/>
  <arc id="457F3E13-4075-A5E6-41C0-785D6A6F174E" type="实线" tooltip="防火墙 - 实线 - 防火墙" source="44D3592A-406D-EE27-41CB-A4AECE93DBD9" destination="44E30AC6-406D-A26F-41C4-C299AAB3AE59"/>
  <arc id="45589BFA-4077-A227-41C5-755C8A79B5F9" type="实线" tooltip="邮件服务器 - 实线 - 汇聚交换机2" source="44195D65-406F-A622-41A1-8F5B8AFC32AD" destination="44C95776-406D-E22F-41C8-27154428FBA4"/>
  <arc id="45951743-4092-A265-41C9-65E3F570C11C" type="实线" tooltip="汇聚交换机2 - 实线 - 防火墙2" source="4587CB8C-4093-A2E3-41C3-FF61C88AE26D" destination="44F55023-406E-5E25-41C4-7F16FE44677C"/>
  <arc id="459B70FF-4092-DE1D-41B0-D2C8272AF262" type="实线" tooltip="防火墙1 - 实线 - 核心交换机1" source="44ADFE5C-406D-E263-4195-F52D000EA45B" destination="44B57F05-406D-A3ED-41B6-6C1C57807458"/>
  <arc id="45A70A06-40B2-ADEF-41CE-DFA78FB60DCC" type="实线" tooltip="防火墙1 - 实线 - 汇聚交换机2" source="45A54623-40AD-A226-41CB-B8EF3308686A" destination="45AE4866-40AD-AE2E-41CF-9FB6E3A40A01"/>
  <arc id="45208734-40AF-E223-41C0-2A460F929BE7" type="实线" tooltip="FTP服务器 - 实线 - 汇聚交换机2" source="453C0FCC-40AE-6263-41A0-8F8EE3BF2B0B" destination="45342A1D-40AD-A21D-41C4-058D55328A1E"/>
  <arc id="45A92B83-40B2-E2E6-41BC-9A357F5F1C84" type="实线" tooltip="汇聚交换机1 - 实线 - 汇聚交换机2" source="4593502D-40AD-BE3D-41C6-4B538D751C9E" destination="45AE4866-40AD-AE2E-41CF-9FB6E3A40A01"/>
  <arc id="45D0B032-40B3-BE27-41AA-9E7076C4B136" type="实线" tooltip="汇聚交换机1 - 实线 - 接入交换机1" source="4593502D-40AD-BE3D-41C6-4B538D751C9E" destination="44C8F7B3-406E-6225-41C6-97EAEAFDAAD9"/>
  <arc id="455002BE-40AD-A21E-41C2-CC21BCB7EEF2" type="实线" tooltip="防火墙 - 实线 - 防火墙2" source="45AF3CF5-40BE-662D-41B1-D82515A1C9E6" destination="450D489F-40B2-AE1D-41B8-12416D872248"/>
  <arc id="45EF0774-40AE-A222-41C8-86DEF683707C" type="实线" tooltip="核心交换机2 - 实线 - 汇聚交换机2" source="45381BF6-40B2-622F-41BF-5CF59EEFCAC7" destination="45342A1D-40AD-A21D-41C4-058D55328A1E"/>
  <arc id="455AF886-4075-AEEF-41BE-15B8D3517093" type="实线" tooltip="FTP服务器 - 实线 - 汇聚交换机1" source="44D322E8-406E-A222-41C3-3713D54DAD74" destination="44C7C9B0-406D-AE22-41BE-231500C28807"/>
  <arc id="4532522E-4077-A23E-41CE-778A5DF40DBC" type="实线" tooltip="漏洞扫描 - 实线 - 汇聚交换机2" source="448D64CA-406D-A666-41CF-BBFFE1615E64" destination="44C95776-406D-E22F-41C8-27154428FBA4"/>
  <arc id="45594FBA-4075-A227-41C8-EE601AC43CEA" type="实线" tooltip="代理服务器 - 实线 - 汇聚交换机1" source="4400CFBE-406E-621F-41C6-97A985B2ABC1" destination="44C7C9B0-406D-AE22-41BE-231500C28807"/>
  <arc id="4487170E-4076-E3FF-41C9-F533BF4547A2" type="实线" tooltip="数据库审计 - 实线 - 汇聚交换机2" source="44B57513-4072-A7E5-41C7-BD8D116AF055" destination="44C95776-406D-E22F-41C8-27154428FBA4"/>
  <arc id="45C20906-40B2-EFEC-4175-F478CF0207E4" type="实线" tooltip="汇聚交换机1 - 实线 - 域名解析服务器" source="44FABEEE-406D-A23F-4170-F6D75456E5D5" destination="454CAC9B-40B6-66E5-41BE-DF019863AD74"/>
  <arc id="45D3BB87-40BE-E2ED-41C4-AD18F659C5A2" type="实线" tooltip="核心交换机2 - 实线 - 防火墙" source="4479446E-409E-E63F-41C0-42F9EF2CFD78" destination="45D7E2C7-40BE-626D-41B0-62C6028C8742"/>
  <arc id="45C3E069-40B2-DE25-41C5-B4AE45765F51" type="实线" tooltip="汇聚交换机1 - 实线 - 数据库服务器" source="44FABEEE-406D-A23F-4170-F6D75456E5D5" destination="4512BAEB-40B7-A225-41C6-A44DD7594920"/>
  <arc id="45C72864-40B2-AE23-41C6-A8E027759347" type="实线" tooltip="汇聚交换机2 - 实线 - 数据库服务器" source="44BE1998-406D-AEE3-41CB-B067E9EE656D" destination="4512BAEB-40B7-A225-41C6-A44DD7594920"/>
  <arc id="45513EEA-4075-E226-41CC-7F3D8B5C2905" type="实线" tooltip="数据库服务器 - 实线 - 汇聚交换机2" source="440489CF-406E-6E7D-4192-11A1B6E74049" destination="44C95776-406D-E22F-41C8-27154428FBA4"/>
  <arc id="45904845-40AE-EE6D-41CE-5AC71C258E1B" type="实线" tooltip="接入交换机3 - 实线 - 汇聚交换机2" source="44C2CC7F-406E-661D-41B9-0A6ACBD376C2" destination="4587CB8C-4093-A2E3-41C3-FF61C88AE26D"/>
  <arc id="40BE2FBB-4705-F2F3-41D0-F912255F4862" type="实线" tooltip="FTP服务器 - 实线 - 汇聚交换机2" source="40BD1102-4705-EF8D-41A3-D2B6ABD20BA2" destination="44BE1998-406D-AEE3-41CB-B067E9EE656D"/>
  <arc id="45ABD554-40B3-E662-41CB-B80A5EA965D3" type="实线" tooltip="汇聚交换机1 - 实线 - 接入交换机3" source="4593502D-40AD-BE3D-41C6-4B538D751C9E" destination="44DAB0EA-406E-7E27-41CD-6449D8BDE517"/>
  <arc id="4547B781-4077-E2E5-41A8-9BAA4ED447E6" type="实线" tooltip="邮件服务器 - 实线 - 汇聚交换机1" source="44195D65-406F-A622-41A1-8F5B8AFC32AD" destination="44C7C9B0-406D-AE22-41BE-231500C28807"/>
  <arc id="45A91579-40B2-E622-41CA-18AA1E100424" type="实线" tooltip="防火墙1 - 实线 - 汇聚交换机1" source="45A54623-40AD-A226-41CB-B8EF3308686A" destination="4593502D-40AD-BE3D-41C6-4B538D751C9E"/>
  <arc id="453B311C-40AE-7FE3-41C4-5EBAAEA7D2D5" type="实线" tooltip="防火墙2 - 实线 - 核心交换机1" source="450D489F-40B2-AE1D-41B8-12416D872248" destination="44DB13D0-406D-E263-415D-1B358246EE50"/>
  <arc id="457AA181-4075-BEE5-41C4-1C27F5D99CD9" type="实线" tooltip="防火墙 - 实线 - 汇聚交换机1" source="44E30AC6-406D-A26F-41C4-C299AAB3AE59" destination="44C7C9B0-406D-AE22-41BE-231500C28807"/>
  <arc id="452167E1-40AF-A222-41C0-DF234383F307" type="实线" tooltip="汇聚交换机1 - 实线 - FTP服务器" source="45007284-40AD-A2E2-41BB-D6A2D7D6DB8A" destination="453C0FCC-40AE-6263-41A0-8F8EE3BF2B0B"/>
  <arc id="453DB24A-40B2-A267-41B4-7665FD05B439" type="实线" tooltip="汇聚交换机1 - 实线 - 核心交换机1" source="44FABEEE-406D-A23F-4170-F6D75456E5D5" destination="44CF9F2C-4072-E223-41C0-2B8D07F830E6"/>
  <arc id="45B69FA3-40BE-A225-41BE-854AF138B4E2" type="实线" tooltip="防火墙 - 实线 - 防火墙1" source="45D7E2C7-40BE-626D-41B0-62C6028C8742" destination="45F09590-40BF-A6E2-41C2-0EEBB7BE3B43"/>
  <arc id="45D007D6-40B2-626E-41CE-7F7E97A7E21A" type="实线" tooltip="防火墙2 - 实线 - 核心交换机1" source="45BADD23-40AD-A625-41B9-D3AB30FE1B52" destination="44B57F05-406D-A3ED-41B6-6C1C57807458"/>
  <setting nodeDragEnabled="true" nodeResizeEnabled="false" styleProperty="backgroundDrawType=sing,backgroundColor=1319738,backgroundAlpha=1"/>
</graph>