<?xml version="1.0" ?>
<graph>
  <node id="1" text="腾讯" tooltip="腾讯网" type="node"/>
  
  <node id="2" text="社交" tooltip="社交" type="node" >
  	<children>
  		  <node id="8" text="朋友网" tooltip="朋友网" type="node"/>
		  <node id="9" text="QQ空间" tooltip="QQ空间" type="node"/>
		  <node id="10" text="腾讯微博" tooltip="腾讯微博" type="node"/>
		  <node id="11" text="腾讯QQ" tooltip="腾讯QQ" type="node"/>
		  <node id="12" text="腾讯SNS" tooltip="腾讯SNS" type="node"/>
  	</children>
  </node>
  <node id="3" text="游戏" tooltip="游戏" type="node">
  	<children>
		  <node id="13" text="穿越火线" tooltip="穿越火线" type="node"/>
		  <node id="14" text="QQ幻想" tooltip="QQ幻想" type="node"/>
		  <node id="15" text="英雄联盟" tooltip="英雄联盟" type="node"/>
		  <node id="16" text="七雄争霸" tooltip="七雄争霸" type="node"/>
		  <node id="17" text="地下城与勇士" tooltip="地下城与勇士" type="node"/>
		  <node id="18" text="QQ游戏大厅" tooltip="QQ游戏大厅" type="node"/>
	</children>	  
  </node>
  <node id="4" text="网媒" tooltip="网媒" type="node">
  	<children>
		  <node id="19" text="腾讯门户" tooltip="腾讯门户" type="node"/>
		  <node id="20" text="腾讯视频" tooltip="腾讯视频" type="node"/>
		  <node id="21" text="腾讯智慧" tooltip="腾讯智慧" type="node"/>
	</children>	  
  </node>
  <node id="5" text="无线" tooltip="无线" type="node">
 	 <children>
		  <node id="22" text="手机腾讯网" tooltip="手机腾讯网" type="node"/>
		  <node id="23" text="手机QQ" tooltip="腾讯视频" type="node"/>
		  <node id="24" text="腾讯视频" tooltip="腾讯视频" type="node"/>
		  <node id="25" text="手机QQ浏览器" tooltip="手机QQ浏览器" type="node"/>
		  <node id="26" text="QQ通讯录" tooltip="QQ通讯录" type="node"/>
		  <node id="27" text="微信" tooltip="微信" type="node"/>
	</children>
  </node>
  <node id="6" text="电商" tooltip="电商" type="node">
  	<children>
		  <node id="28" text="拍拍网" tooltip="拍拍网" type="node"/>
		  <node id="29" text="易迅网" tooltip="易迅网" type="node"/>
		  <node id="30" text="财付通" tooltip="财付通" type="node"/>
		  <node id="31" text="QQ彩票" tooltip="QQ彩票" type="node"/>
		  <node id="32" text="QQ团购" tooltip="QQ团购" type="node"/>
	</children>	  
  </node>
  <node id="7" text="搜索" tooltip="搜索" type="node">
  	<!-- <children>
  	 	<node id="33" text="腾讯搜搜" tooltip="腾讯搜搜" type="node"/>
  		<node id="34" text="搜狗" tooltip="搜狗" type="node"/>
  	</children>-->
  </node>
 

  
 
  
  <arc id="100" type="connectedTo" tooltip="" source="1" destination="2"/>
  <arc id="101" type="connectedTo" tooltip="" source="1" destination="3"/>
  <arc id="102" type="connectedTo" tooltip="" source="1" destination="4"/>
  <arc id="103" type="undirected" tooltip="" source="1" destination="5"/>
  <arc id="104" type="undirected" tooltip="" source="1" destination="6"/>
  <arc id="105" type="undirected" tooltip="" source="1" destination="7"/>
  
</graph>