<?xml version="1.0" ?>
<graph>
  <node id="1" text="腾讯" tooltip="腾讯网" type="机构"/>
  
  <node id="2" text="社交" tooltip="社交" type="产品线" />
  <node id="3" text="游戏" tooltip="游戏" type="产品线"/>
  <node id="4" text="网媒" tooltip="网媒" type="产品线"/>
  <node id="5" text="无线" tooltip="无线" type="产品线"/>
  <node id="6" text="电商" tooltip="电商" type="产品线"/>
  <node id="7" text="搜索" tooltip="搜索" type="产品线"/>
 
  <node id="8" text="朋友网" tooltip="朋友网" type="产品"/>
  <node id="9" text="QQ空间" tooltip="QQ空间" type="产品"/>
  <node id="10" text="腾讯微博" tooltip="腾讯微博" type="产品"/>
  <node id="11" text="腾讯QQ" tooltip="腾讯QQ" type="产品"/>
  <node id="12" text="腾讯SNS" tooltip="腾讯SNS" type="产品"/>
 
  <node id="13" text="穿越火线" tooltip="穿越火线" type="产品"/>
  <node id="14" text="QQ幻想" tooltip="QQ幻想" type="产品"/>
  <node id="15" text="英雄联盟" tooltip="英雄联盟" type="产品"/>
  <node id="16" text="七雄争霸" tooltip="七雄争霸" type="产品"/>
  <node id="17" text="地下城与勇士" tooltip="地下城与勇士" type="产品"/>
  <node id="18" text="QQ游戏大厅" tooltip="QQ游戏大厅" type="产品"/>
  
  <node id="19" text="腾讯门户" tooltip="腾讯门户" type="产品"/>
  <node id="20" text="腾讯视频" tooltip="腾讯视频" type="产品"/>
  <node id="21" text="腾讯智慧" tooltip="腾讯智慧" type="产品"/>
 
  <node id="22" text="手机腾讯网" tooltip="手机腾讯网" type="产品"/>
  <node id="23" text="手机QQ" tooltip="腾讯视频" type="产品"/>
  <node id="24" text="腾讯视频" tooltip="腾讯视频" type="产品"/>
  <node id="25" text="手机QQ浏览器" tooltip="手机QQ浏览器" type="产品"/>
  <node id="26" text="QQ通讯录" tooltip="QQ通讯录" type="产品"/>
  <node id="27" text="微信" tooltip="微信" type="产品"/>
  
  <node id="28" text="拍拍网" tooltip="拍拍网" type="产品"/>
  <node id="29" text="易迅网" tooltip="易迅网" type="产品"/>
  <node id="30" text="财付通" tooltip="财付通" type="产品"/>
  <node id="31" text="QQ彩票" tooltip="QQ彩票" type="产品"/>
  <node id="32" text="QQ团购" tooltip="QQ团购" type="产品"/>
  
  <node id="33" text="腾讯搜搜" tooltip="腾讯搜搜" type="产品"/>
  <node id="34" text="搜狗" tooltip="搜狗" type="产品"/>
  
  <arc id="100" type="下挂" tooltip="" source="1" destination="2"/>
  <arc id="101" type="下挂" tooltip="" source="1" destination="3"/>
  <arc id="102" type="下挂" tooltip="" source="1" destination="4"/>
  <arc id="103" type="下挂" tooltip="" source="1" destination="5"/>
  <arc id="104" type="下挂" tooltip="" source="1" destination="6"/>
  <arc id="105" type="下挂" tooltip="" source="1" destination="7"/>
  
  <arc id="106" type="下挂" tooltip="" source="2" destination="8"/>
  <arc id="107" type="下挂" tooltip="" source="2" destination="9"/>
  <arc id="108" type="下挂" tooltip="" source="2" destination="10"/>
  <arc id="109" type="下挂" tooltip="" source="2" destination="11"/>
  <arc id="110" type="下挂" tooltip="" source="2" destination="12"/>
  
  <arc id="111" type="下挂" tooltip="" source="3" destination="13"/>
  <arc id="112" type="下挂" tooltip="" source="3" destination="14"/>
  <arc id="113" type="下挂" tooltip="" source="3" destination="15"/>
  <arc id="114" type="下挂" tooltip="" source="3" destination="16"/>
  <arc id="115" type="下挂" tooltip="" source="3" destination="17"/>
  <arc id="116" type="下挂" tooltip="" source="3" destination="18"/>
  
  <arc id="117" type="下挂" tooltip="" source="4" destination="19"/>
  <arc id="118" type="下挂" tooltip="" source="4" destination="20"/>
  <arc id="119" type="下挂" tooltip="" source="4" destination="21"/>
  
   <arc id="120" type="下挂" tooltip="" source="5" destination="22"/>
   <arc id="121" type="下挂" tooltip="" source="5" destination="23"/>
   <arc id="122" type="下挂" tooltip="" source="5" destination="24"/>
   <arc id="123" type="下挂" tooltip="" source="5" destination="25"/>
   <arc id="124" type="下挂" tooltip="" source="5" destination="26"/>
   <arc id="125" type="下挂" tooltip="" source="5" destination="27"/>
   
   <arc id="126" type="下挂" tooltip="" source="6" destination="28"/>
   <arc id="127" type="下挂" tooltip="" source="6" destination="29"/>
   <arc id="128" type="下挂" tooltip="" source="6" destination="30"/>
   <arc id="129" type="下挂" tooltip="" source="6" destination="31"/>
   <arc id="130" type="下挂" tooltip="" source="6" destination="32"/>
   
   <arc id="131" type="下挂" tooltip="" source="7" destination="33"/>
   <arc id="132" type="下挂" tooltip="" source="7" destination="34"/>
</graph>