<?xml version="1.0" ?>
<graph>

  <node id="5DCD2601-59E3-CC09-41C6-2B63FB215E8A" text="太阳" tooltip="太阳" type="image" bounds="346.0,288.0,42.0,53.0" dropShadow="true" icon="assets/star/sun2.png" 
  name="太阳" showLabel="true"/>
  <node id="5DABDB17-59E3-C409-41CF-91838F0A6DE7" text="云" tooltip="云" type="image" bounds="210.0,508.0,48.0,48.0" dropShadow="true" icon="assets/topo/cloud.gif"
   name="云" showLabel="true"/>
  <node id="5DB79189-59E3-C419-41B2-0B1DB8915A46" text="地球" tooltip="地球" type="image" bounds="352.0,44.0,42.0,48.0" dropShadow="true" icon="assets/star/14.png"
   name="地球" showLabel="true"/>
  <node id="5DBCC709-59E3-CC06-41B3-F7828BE3B392" text="土星" tooltip="土星" type="image" bounds="465.0,504.0,48.0,48.0" selected="true" dropShadow="true" icon="assets/star/16.png"
   name="call" showLabel="true"/>
  <node id="5D69DFAA-59E4-DC1B-41BB-4A1A443B32B0" text="卫星" tooltip="卫星" type="image" bounds="208.0,660.0,48.0,48.0" dropShadow="true" icon="assets/star/13.png" 
  name="call" showLabel="true"/>
  
  <arc id="5D7CE96D-59E4-4419-41D4-ED0A59DF1AC1" type="实线" tooltip="太阳 - 实线 - 云" source="5DCD2601-59E3-CC09-41C6-2B63FB215E8A" destination="5DABDB17-59E3-C409-41CF-91838F0A6DE7" 
  directed="true" weight="-1" />
  <arc id="5D90B6C8-59E4-4C07-41D0-1DE537B1721D" type="实线" tooltip="云- 实线 - 土星" source="5DABDB17-59E3-C409-41CF-91838F0A6DE7" destination="5DB79189-59E3-C419-41B2-0B1DB8915A46" 
  directed="true" weight="-1"  />
  <arc id="5D61B655-59E4-4C09-41D0-8465C95A949B" type="实线" tooltip="服务器 - 实线 - call" source="5DABDB17-59E3-C409-41CF-91838F0A6DE7" destination="5DBCC709-59E3-CC06-41B3-F7828BE3B392" 
  selected="true" directed="true" weight="-1"/>
  <arc id="5D6CD71A-59E4-4C3B-41D2-1DC7E45CC0CF" type="实线" tooltip="防火墙 - 实线 - 服务器" source="5DB79189-59E3-C419-41B2-0B1DB8915A46" destination="5D69DFAA-59E4-DC1B-41BB-4A1A443B32B0" 
  directed="true" weight="-1" />
</graph>