<?xml version="1.0"?>
<graph>



<node id="1-0" text="liyanjun" tooltip="liyanjun"  type="ellipse"/>
<node id="2-0" text="liyanjun" tooltip="liyanjun"  type="ellipse"/>
<node id="3-0" text="liyanjun" tooltip="liyanjun"  type="ellipse"/>

<node id="1" text="liyanjun1" tooltip="liyanjun1"  type="node"/>
<node id="2" text="liyanjun1" tooltip="liyanjun1"  type="node"/>
<node id="3" text="liyanjun1" tooltip="liyanjun1"  type="node"/>
<node id="4" text="liyanjun2" tooltip="liyanjun2" type="node"/>
<node id="5" text="liyanjun2" tooltip="liyanjun2" type="node"/>
<node id="6" text="liyanjun2" tooltip="liyanjun2" type="node"/>
<node id="7" text="liyanjun3" tooltip="liyanjun3" type="node"/>
<node id="8" text="liyanjun3" tooltip="liyanjun3" type="node"/>
<node id="9" text="liyanjun3" tooltip="liyanjun3" type="node"/>

<arc id="100" type="connectedTo" text="" tooltip="" source="1-0" destination="1"/>
<arc id="101" type="connectedTo" text="" tooltip="" source="1-0" destination="2"/>
<arc id="102" type="connectedTo" text="" tooltip="" source="1-0" destination="3"/>
<arc id="103" type="connectedTo" text="" tooltip="" source="2-0" destination="4"/>
<arc id="104" type="connectedTo" text="" tooltip="" source="2-0" destination="5"/>
<arc id="105" type="connectedTo" text="" tooltip="" source="2-0" destination="6"/>
<arc id="106" type="connectedTo" text="" tooltip="" source="3-0" destination="7"/>
<arc id="107" type="connectedTo" text="" tooltip="" source="3-0" destination="8"/>
<arc id="108" type="connectedTo" text="" tooltip="" source="3-0" destination="9"/>

<arc id="109" type="undirected" text="" tooltip="123123" source="1" destination="4"/>
<arc id="110" type="undirected" text="" tooltip="123123" source="2" destination="4"/>
<arc id="111" type="undirected" text="" tooltip="123123" source="3" destination="4"/>
<arc id="112" type="undirected" text="" tooltip="123123" source="4" destination="9"/>
<arc id="113" type="undirected" text="" tooltip="123123" source="5" destination="9"/>
<arc id="114" type="undirected" text="" tooltip="123123" source="6" destination="9"/>
  

  
  
  
</graph>