<?xml version="1.0" ?>
<graph>
<node id="00" text="encoder" tooltip="TAG" type="node" bounds="700.0,400.0,27.0,26.0" icon="assets/star/sun2.png"/>
<node id="10" text="encoder" tooltip="TAG" type="node" bounds="600.0,400.0,27.0,26.0" icon="assets/star/6.png"/>
<node id="11" text="encoder" tooltip="TAG" type="node" bounds="613.3974596215561,450.0,27.0,26.0" icon="assets/star/6.png"/>
<arc id="10-11" type="undirected" directed="false" tooltip="" source="10" destination="11" lineType="straightline"  flowTextFeild="2"/>
<node id="12" text="encoder" tooltip="TAG" type="node" bounds="650.0,486.60254037844385,27.0,26.0" icon="assets/star/6.png"/>
<arc id="11-12" type="undirected" directed="false" tooltip="" source="11" destination="12" lineType="straightline"  flowTextFeild="3"/>
<node id="13" text="encoder" tooltip="TAG" type="node" bounds="700.0,500.0,27.0,26.0" icon="assets/star/6.png"/>
<arc id="12-13" type="undirected" directed="false" tooltip="" source="12" destination="13" lineType="straightline"  flowTextFeild="4"/>
<node id="14" text="encoder" tooltip="TAG" type="node" bounds="750.0,486.6025403784439,27.0,26.0" icon="assets/star/6.png"/>
<arc id="13-14" type="undirected" directed="false" tooltip="" source="13" destination="14" lineType="straightline"  flowTextFeild="5"/>
<node id="15" text="encoder" tooltip="TAG" type="node" bounds="786.6025403784439,450.0,27.0,26.0" icon="assets/star/6.png"/>
<arc id="14-15" type="undirected" directed="false" tooltip="" source="14" destination="15" lineType="straightline"  flowTextFeild="6"/>
<node id="16" text="encoder" tooltip="TAG" type="node" bounds="800.0,400.0,27.0,26.0" icon="assets/star/6.png"/>
<arc id="15-16" type="undirected" directed="false" tooltip="" source="15" destination="16" lineType="straightline"  flowTextFeild="7"/>
<node id="17" text="encoder" tooltip="TAG" type="node" bounds="786.6025403784439,350.0,27.0,26.0" icon="assets/star/6.png"/>
<arc id="16-17" type="undirected" directed="false" tooltip="" source="16" destination="17" lineType="straightline"  flowTextFeild="8"/>
<node id="18" text="encoder" tooltip="TAG" type="node" bounds="750.0,313.39745962155615,27.0,26.0" icon="assets/star/6.png"/>
<arc id="17-18" type="undirected" directed="false" tooltip="" source="17" destination="18" lineType="straightline"  flowTextFeild="9"/>
<node id="19" text="encoder" tooltip="TAG" type="node" bounds="700.0,300.0,27.0,26.0" icon="assets/star/6.png"/>
<arc id="18-19" type="undirected" directed="false" tooltip="" source="18" destination="19" lineType="straightline"  flowTextFeild="10"/>
<node id="110" text="encoder" tooltip="TAG" type="node" bounds="650.0,313.39745962155615,27.0,26.0" icon="assets/star/6.png"/>
<arc id="19-110" type="undirected" directed="false" tooltip="" source="19" destination="110" lineType="straightline"  flowTextFeild="11"/>
<node id="111" text="encoder" tooltip="TAG" type="node" bounds="613.3974596215562,349.99999999999994,27.0,26.0" icon="assets/star/6.png"/>
<arc id="110-111" type="undirected" directed="false" tooltip="" source="110" destination="111" lineType="straightline"  flowTextFeild="12"/>
<arc id="111-10" type="undirected"  directed="false"  tooltip="" source="111" destination="10" lineType="straightline"  flowTextFeild="12"/>
 
 <node id="20" text="encoder" tooltip="TAG" type="node" bounds="500.0,400.0,27.0,26.0" icon="assets/star/12.png"/>
<node id="21" text="encoder" tooltip="TAG" type="node" bounds="526.7949192431123,500.0,27.0,26.0" icon="assets/star/12.png"/>
<arc id="20-21" type="undirected" directed="false" tooltip="" source="20" destination="21" lineType="straightline"  flowTextFeild="14"/>
<node id="22" text="encoder" tooltip="TAG" type="node" bounds="600.0,573.2050807568877,27.0,26.0" icon="assets/star/12.png"/>
<arc id="21-22" type="undirected" directed="false" tooltip="" source="21" destination="22" lineType="straightline"  flowTextFeild="15"/>
<node id="23" text="encoder" tooltip="TAG" type="node" bounds="700.0,600.0,27.0,26.0" icon="assets/star/12.png"/>
<arc id="22-23" type="undirected" directed="false" tooltip="" source="22" destination="23" lineType="straightline"  flowTextFeild="16"/>
<node id="24" text="encoder" tooltip="TAG" type="node" bounds="800.0,573.2050807568878,27.0,26.0" icon="assets/star/12.png"/>
<arc id="23-24" type="undirected" directed="false" tooltip="" source="23" destination="24" lineType="straightline"  flowTextFeild="17"/>
<node id="25" text="encoder" tooltip="TAG" type="node" bounds="873.2050807568878,500.0,27.0,26.0" icon="assets/star/12.png"/>
<arc id="24-25" type="undirected" directed="false" tooltip="" source="24" destination="25" lineType="straightline"  flowTextFeild="18"/>
<node id="26" text="encoder" tooltip="TAG" type="node" bounds="900.0,400.0,27.0,26.0" icon="assets/star/12.png"/>
<arc id="25-26" type="undirected" directed="false" tooltip="" source="25" destination="26" lineType="straightline"  flowTextFeild="19"/>
<node id="27" text="encoder" tooltip="TAG" type="node" bounds="873.2050807568878,300.00000000000006,27.0,26.0" icon="assets/star/12.png"/>
<arc id="26-27" type="undirected" directed="false" tooltip="" source="26" destination="27" lineType="straightline"  flowTextFeild="20"/>
<node id="28" text="encoder" tooltip="TAG" type="node" bounds="800.0000000000001,226.7949192431123,27.0,26.0" icon="assets/star/12.png"/>
<arc id="27-28" type="undirected" directed="false" tooltip="" source="27" destination="28" lineType="straightline"  flowTextFeild="21"/>
<node id="29" text="encoder" tooltip="TAG" type="node" bounds="700.0,200.0,27.0,26.0" icon="assets/star/12.png"/>
<arc id="28-29" type="undirected" directed="false" tooltip="" source="28" destination="29" lineType="straightline"  flowTextFeild="22"/>
<node id="210" text="encoder" tooltip="TAG" type="node" bounds="600.0,226.79491924311228,27.0,26.0" icon="assets/star/12.png"/>
<arc id="29-210" type="undirected" directed="false" tooltip="" source="29" destination="210" lineType="straightline"  flowTextFeild="23"/>
<node id="211" text="encoder" tooltip="TAG" type="node" bounds="526.7949192431123,299.9999999999999,27.0,26.0" icon="assets/star/12.png"/>
<arc id="210-211" type="undirected" directed="false" tooltip="" source="210" destination="211" lineType="straightline"  flowTextFeild="24"/>
<arc id="211-20" type="undirected"  directed="false"  tooltip="" source="211" destination="20" lineType="straightline"  flowTextFeild="24"/>
 
 <node id="30" text="encoder" tooltip="TAG" type="node" bounds="400.0,400.0,27.0,26.0" icon="assets/star/13.png"/>
<node id="31" text="encoder" tooltip="TAG" type="node" bounds="440.1923788646684,550.0,27.0,26.0" icon="assets/star/13.png"/>
<arc id="30-31" type="undirected" directed="false" tooltip="" source="30" destination="31" lineType="straightline"  flowTextFeild="26"/>
<node id="32" text="encoder" tooltip="TAG" type="node" bounds="550.0,659.8076211353316,27.0,26.0" icon="assets/star/13.png"/>
<arc id="31-32" type="undirected" directed="false" tooltip="" source="31" destination="32" lineType="straightline"  flowTextFeild="27"/>
<node id="33" text="encoder" tooltip="TAG" type="node" bounds="700.0,700.0,27.0,26.0" icon="assets/star/13.png"/>
<arc id="32-33" type="undirected" directed="false" tooltip="" source="32" destination="33" lineType="straightline"  flowTextFeild="28"/>
<node id="34" text="encoder" tooltip="TAG" type="node" bounds="850.0,659.8076211353316,27.0,26.0" icon="assets/star/13.png"/>
<arc id="33-34" type="undirected" directed="false" tooltip="" source="33" destination="34" lineType="straightline"  flowTextFeild="29"/>
<node id="35" text="encoder" tooltip="TAG" type="node" bounds="959.8076211353316,550.0,27.0,26.0" icon="assets/star/13.png"/>
<arc id="34-35" type="undirected" directed="false" tooltip="" source="34" destination="35" lineType="straightline"  flowTextFeild="30"/>
<node id="36" text="encoder" tooltip="TAG" type="node" bounds="1000.0,400.00000000000006,27.0,26.0" icon="assets/star/13.png"/>
<arc id="35-36" type="undirected" directed="false" tooltip="" source="35" destination="36" lineType="straightline"  flowTextFeild="31"/>
<node id="37" text="encoder" tooltip="TAG" type="node" bounds="959.8076211353316,250.00000000000009,27.0,26.0" icon="assets/star/13.png"/>
<arc id="36-37" type="undirected" directed="false" tooltip="" source="36" destination="37" lineType="straightline"  flowTextFeild="32"/>
<node id="38" text="encoder" tooltip="TAG" type="node" bounds="850.0000000000001,140.19237886466846,27.0,26.0" icon="assets/star/13.png"/>
<arc id="37-38" type="undirected" directed="false" tooltip="" source="37" destination="38" lineType="straightline"  flowTextFeild="33"/>
<node id="39" text="encoder" tooltip="TAG" type="node" bounds="700.0,100.0,27.0,26.0" icon="assets/star/13.png"/>
<arc id="38-39" type="undirected" directed="false" tooltip="" source="38" destination="39" lineType="straightline"  flowTextFeild="34"/>
<node id="310" text="encoder" tooltip="TAG" type="node" bounds="550.0,140.1923788646684,27.0,26.0" icon="assets/star/13.png"/>
<arc id="39-310" type="undirected" directed="false" tooltip="" source="39" destination="310" lineType="straightline"  flowTextFeild="35"/>
<node id="311" text="encoder" tooltip="TAG" type="node" bounds="440.1923788646685,249.99999999999986,27.0,26.0" icon="assets/star/13.png"/>
<arc id="310-311" type="undirected" directed="false" tooltip="" source="310" destination="311" lineType="straightline"  flowTextFeild="36"/>
<arc id="311-30" type="undirected"  directed="false"  tooltip="" source="311" destination="30" lineType="straightline"  flowTextFeild="36"/>
 
 <node id="40" text="encoder" tooltip="TAG" type="node" bounds="300.0,400.0,27.0,26.0" icon="assets/star/14.png"/>
<node id="41" text="encoder" tooltip="TAG" type="node" bounds="353.58983848622455,600.0,27.0,26.0" icon="assets/star/14.png"/>
<arc id="40-41" type="undirected" directed="false" tooltip="" source="40" destination="41" lineType="straightline"  flowTextFeild="38"/>
<node id="42" text="encoder" tooltip="TAG" type="node" bounds="499.99999999999994,746.4101615137754,27.0,26.0" icon="assets/star/14.png"/>
<arc id="41-42" type="undirected" directed="false" tooltip="" source="41" destination="42" lineType="straightline"  flowTextFeild="39"/>
<node id="43" text="encoder" tooltip="TAG" type="node" bounds="700.0,800.0,27.0,26.0" icon="assets/star/14.png"/>
<arc id="42-43" type="undirected" directed="false" tooltip="" source="42" destination="43" lineType="straightline"  flowTextFeild="40"/>
<node id="44" text="encoder" tooltip="TAG" type="node" bounds="899.9999999999999,746.4101615137755,27.0,26.0" icon="assets/star/14.png"/>
<arc id="43-44" type="undirected" directed="false" tooltip="" source="43" destination="44" lineType="straightline"  flowTextFeild="41"/>
<node id="45" text="encoder" tooltip="TAG" type="node" bounds="1046.4101615137756,600.0,27.0,26.0" icon="assets/star/14.png"/>
<arc id="44-45" type="undirected" directed="false" tooltip="" source="44" destination="45" lineType="straightline"  flowTextFeild="42"/>
<node id="46" text="encoder" tooltip="TAG" type="node" bounds="1100.0,400.00000000000006,27.0,26.0" icon="assets/star/14.png"/>
<arc id="45-46" type="undirected" directed="false" tooltip="" source="45" destination="46" lineType="straightline"  flowTextFeild="43"/>
<node id="47" text="encoder" tooltip="TAG" type="node" bounds="1046.4101615137756,200.0000000000001,27.0,26.0" icon="assets/star/14.png"/>
<arc id="46-47" type="undirected" directed="false" tooltip="" source="46" destination="47" lineType="straightline"  flowTextFeild="44"/>
<node id="48" text="encoder" tooltip="TAG" type="node" bounds="900.0000000000002,53.58983848622461,27.0,26.0" icon="assets/star/14.png"/>
<arc id="47-48" type="undirected" directed="false" tooltip="" source="47" destination="48" lineType="straightline"  flowTextFeild="45"/>
<node id="49" text="encoder" tooltip="TAG" type="node" bounds="700.0000000000001,0.0,27.0,26.0" icon="assets/star/14.png"/>
<arc id="48-49" type="undirected" directed="false" tooltip="" source="48" destination="49" lineType="straightline"  flowTextFeild="46"/>
<node id="410" text="encoder" tooltip="TAG" type="node" bounds="499.99999999999994,53.58983848622455,27.0,26.0" icon="assets/star/14.png"/>
<arc id="49-410" type="undirected" directed="false" tooltip="" source="49" destination="410" lineType="straightline"  flowTextFeild="47"/>
<node id="411" text="encoder" tooltip="TAG" type="node" bounds="353.58983848622466,199.99999999999983,27.0,26.0" icon="assets/star/14.png"/>
<arc id="410-411" type="undirected" directed="false" tooltip="" source="410" destination="411" lineType="straightline"  flowTextFeild="48"/>
<arc id="411-40" type="undirected"  directed="false"  tooltip="" source="411" destination="40" lineType="straightline"  flowTextFeild="48"/>
 
 <node id="50" text="encoder" tooltip="TAG" type="node" bounds="200.0,400.0,27.0,26.0" icon="assets/star/15.png"/>
<node id="51" text="encoder" tooltip="TAG" type="node" bounds="266.98729810778065,650.0,27.0,26.0" icon="assets/star/15.png"/>
<arc id="50-51" type="undirected" directed="false" tooltip="" source="50" destination="51" lineType="straightline"  flowTextFeild="50"/>
<node id="52" text="encoder" tooltip="TAG" type="node" bounds="449.99999999999994,833.0127018922193,27.0,26.0" icon="assets/star/15.png"/>
<arc id="51-52" type="undirected" directed="false" tooltip="" source="51" destination="52" lineType="straightline"  flowTextFeild="51"/>
<node id="53" text="encoder" tooltip="TAG" type="node" bounds="700.0,900.0,27.0,26.0" icon="assets/star/15.png"/>
<arc id="52-53" type="undirected" directed="false" tooltip="" source="52" destination="53" lineType="straightline"  flowTextFeild="52"/>
<node id="54" text="encoder" tooltip="TAG" type="node" bounds="949.9999999999999,833.0127018922194,27.0,26.0" icon="assets/star/15.png"/>
<arc id="53-54" type="undirected" directed="false" tooltip="" source="53" destination="54" lineType="straightline"  flowTextFeild="53"/>
<node id="55" text="encoder" tooltip="TAG" type="node" bounds="1133.0127018922194,650.0,27.0,26.0" icon="assets/star/15.png"/>
<arc id="54-55" type="undirected" directed="false" tooltip="" source="54" destination="55" lineType="straightline"  flowTextFeild="54"/>
<node id="56" text="encoder" tooltip="TAG" type="node" bounds="1200.0,400.00000000000006,27.0,26.0" icon="assets/star/15.png"/>
<arc id="55-56" type="undirected" directed="false" tooltip="" source="55" destination="56" lineType="straightline"  flowTextFeild="55"/>
<node id="57" text="encoder" tooltip="TAG" type="node" bounds="1133.0127018922194,150.00000000000014,27.0,26.0" icon="assets/star/15.png"/>
<arc id="56-57" type="undirected" directed="false" tooltip="" source="56" destination="57" lineType="straightline"  flowTextFeild="56"/>
<node id="58" text="encoder" tooltip="TAG" type="node" bounds="950.0000000000002,-33.01270189221924,27.0,26.0" icon="assets/star/15.png"/>
<arc id="57-58" type="undirected" directed="false" tooltip="" source="57" destination="58" lineType="straightline"  flowTextFeild="57"/>
<node id="59" text="encoder" tooltip="TAG" type="node" bounds="700.0000000000001,-100.0,27.0,26.0" icon="assets/star/15.png"/>
<arc id="58-59" type="undirected" directed="false" tooltip="" source="58" destination="59" lineType="straightline"  flowTextFeild="58"/>
<node id="510" text="encoder" tooltip="TAG" type="node" bounds="449.99999999999994,-33.0127018922193,27.0,26.0" icon="assets/star/15.png"/>
<arc id="59-510" type="undirected" directed="false" tooltip="" source="59" destination="510" lineType="straightline"  flowTextFeild="59"/>
<node id="511" text="encoder" tooltip="TAG" type="node" bounds="266.9872981077808,149.99999999999977,27.0,26.0" icon="assets/star/15.png"/>
<arc id="510-511" type="undirected" directed="false" tooltip="" source="510" destination="511" lineType="straightline"  flowTextFeild="60"/>
<arc id="511-50" type="undirected"  directed="false"  tooltip="" source="511" destination="50" lineType="straightline"  flowTextFeild="60"/>
 
 
 
</graph>