<?xml version="1.0" ?>
<graph>
		<node id="00" text="encoder" tooltip="TAG" type="node" bounds="300,100,27.0,26.0" icon="assets/topo/oss/U_D.png"/>
<node id="01" text="encoder" tooltip="TAG" type="node" bounds="420,100,27.0,26.0" icon="assets/topo/oss/U_D.png"/>

<arc id="00-01" type="通道" directed="false" tooltip="" source="00" destination="01" lineType="straightline"  flowTextFeild="2"/>
<arc id="01-00" type="通道" directed="false" tooltip="" source="01" destination="00" lineType="straightline"  flowTextFeild="2"/>

<node id="02" text="encoder" tooltip="TAG" type="node" bounds="540,100,27.0,26.0" icon="assets/topo/oss/U_D.png"/>
<arc id="01-02" type="通道" directed="false" tooltip="" source="01" destination="02" lineType="straightline"  flowTextFeild="3"/>
<node id="03" text="encoder" tooltip="TAG" type="node" bounds="660,100,27.0,26.0" icon="assets/topo/oss/U_D.png"/>
<arc id="02-03" type="通道" directed="false" tooltip="" source="02" destination="03" lineType="straightline"  flowTextFeild="4"/>
<node id="04" text="encoder" tooltip="TAG" type="node" bounds="780,100,27.0,26.0" icon="assets/topo/oss/U_D.png"/>
<arc id="03-04" type="通道" directed="false" tooltip="" source="03" destination="04" lineType="straightline"  flowTextFeild="5"/>
<node id="05" text="encoder" tooltip="TAG" type="node" bounds="900,100,27.0,26.0" icon="assets/topo/oss/U_D.png"/>
<arc id="04-05" type="通道" directed="false" tooltip="" source="04" destination="05" lineType="straightline"  flowTextFeild="6"/>
 
 <node id="10" text="encoder" tooltip="TAG" type="node" bounds="300,220,27.0,26.0" icon="assets/topo/oss/U_D.png"/>
<arc id="00-10" type="通道"  directed="false"  tooltip="" source="00" destination="10" lineType="straightline"  flowTextFeild="7"/>
<node id="11" text="encoder" tooltip="TAG" type="node" bounds="420,220,27.0,26.0" icon="assets/topo/oss/U_D.png"/>
<arc id="10-11" type="通道" directed="false" tooltip="" source="10" destination="11" lineType="straightline"  flowTextFeild="8"/>
<arc id="01-11" type="通道"  directed="false"  tooltip="" source="01" destination="11" lineType="straightline"  flowTextFeild="8"/>
<node id="12" text="encoder" tooltip="TAG" type="node" bounds="540,220,27.0,26.0" icon="assets/topo/oss/U_D.png"/>
<arc id="11-12" type="通道" directed="false" tooltip="" source="11" destination="12" lineType="straightline"  flowTextFeild="9"/>
<arc id="02-12" type="通道"  directed="false"  tooltip="" source="02" destination="12" lineType="straightline"  flowTextFeild="9"/>
<node id="13" text="encoder" tooltip="TAG" type="node" bounds="660,220,27.0,26.0" icon="assets/topo/oss/U_D.png"/>
<arc id="12-13" type="通道" directed="false" tooltip="" source="12" destination="13" lineType="straightline"  flowTextFeild="10"/>
<arc id="03-13" type="通道"  directed="false"  tooltip="" source="03" destination="13" lineType="straightline"  flowTextFeild="10"/>
<node id="14" text="encoder" tooltip="TAG" type="node" bounds="780,220,27.0,26.0" icon="assets/topo/oss/U_D.png"/>
<arc id="13-14" type="通道" directed="false" tooltip="" source="13" destination="14" lineType="straightline"  flowTextFeild="11"/>
<arc id="04-14" type="通道"  directed="false"  tooltip="" source="04" destination="14" lineType="straightline"  flowTextFeild="11"/>
<node id="15" text="encoder" tooltip="TAG" type="node" bounds="900,220,27.0,26.0" icon="assets/topo/oss/U_D.png"/>
<arc id="14-15" type="通道" directed="false" tooltip="" source="14" destination="15" lineType="straightline"  flowTextFeild="12"/>
<arc id="05-15" type="通道"  directed="false"  tooltip="" source="05" destination="15" lineType="straightline"  flowTextFeild="12"/>
 
 <node id="20" text="encoder" tooltip="TAG" type="node" bounds="300,340,27.0,26.0" icon="assets/topo/oss/U_D.png"/>
<arc id="10-20" type="通道"  directed="false"  tooltip="" source="10" destination="20" lineType="straightline"  flowTextFeild="13"/>
<node id="21" text="encoder" tooltip="TAG" type="node" bounds="420,340,27.0,26.0" icon="assets/topo/oss/U_D.png"/>
<arc id="20-21" type="通道" directed="false" tooltip="" source="20" destination="21" lineType="straightline"  flowTextFeild="14"/>
<arc id="11-21" type="通道"  directed="false"  tooltip="" source="11" destination="21" lineType="straightline"  flowTextFeild="14"/>
<node id="22" text="encoder" tooltip="TAG" type="node" bounds="540,340,27.0,26.0" icon="assets/topo/oss/U_D.png"/>
<arc id="21-22" type="通道" directed="false" tooltip="" source="21" destination="22" lineType="straightline"  flowTextFeild="15"/>
<arc id="12-22" type="通道"  directed="false"  tooltip="" source="12" destination="22" lineType="straightline"  flowTextFeild="15"/>
<node id="23" text="encoder" tooltip="TAG" type="node" bounds="660,340,27.0,26.0" icon="assets/topo/oss/U_D.png"/>
<arc id="22-23" type="通道" directed="false" tooltip="" source="22" destination="23" lineType="straightline"  flowTextFeild="16"/>
<arc id="13-23" type="通道"  directed="false"  tooltip="" source="13" destination="23" lineType="straightline"  flowTextFeild="16"/>
<node id="24" text="encoder" tooltip="TAG" type="node" bounds="780,340,27.0,26.0" icon="assets/topo/oss/U_D.png"/>
<arc id="23-24" type="通道" directed="false" tooltip="" source="23" destination="24" lineType="straightline"  flowTextFeild="17"/>
<arc id="14-24" type="通道"  directed="false"  tooltip="" source="14" destination="24" lineType="straightline"  flowTextFeild="17"/>
<node id="25" text="encoder" tooltip="TAG" type="node" bounds="900,340,27.0,26.0" icon="assets/topo/oss/U_D.png"/>
<arc id="24-25" type="通道" directed="false" tooltip="" source="24" destination="25" lineType="straightline"  flowTextFeild="18"/>
<arc id="15-25" type="通道"  directed="false"  tooltip="" source="15" destination="25" lineType="straightline"  flowTextFeild="18"/>
 
 <node id="30" text="encoder" tooltip="TAG" type="node" bounds="300,460,27.0,26.0" icon="assets/topo/oss/U_D.png"/>
<arc id="20-30" type="通道"  directed="false"  tooltip="" source="20" destination="30" lineType="straightline"  flowTextFeild="19"/>
<node id="31" text="encoder" tooltip="TAG" type="node" bounds="420,460,27.0,26.0" icon="assets/topo/oss/U_D.png"/>
<arc id="30-31" type="通道" directed="false" tooltip="" source="30" destination="31" lineType="straightline"  flowTextFeild="20"/>
<arc id="21-31" type="通道"  directed="false"  tooltip="" source="21" destination="31" lineType="straightline"  flowTextFeild="20"/>
<node id="32" text="encoder" tooltip="TAG" type="node" bounds="540,460,27.0,26.0" icon="assets/topo/oss/U_D.png"/>
<arc id="31-32" type="通道" directed="false" tooltip="" source="31" destination="32" lineType="straightline"  flowTextFeild="21"/>
<arc id="22-32" type="通道"  directed="false"  tooltip="" source="22" destination="32" lineType="straightline"  flowTextFeild="21"/>
<node id="33" text="encoder" tooltip="TAG" type="node" bounds="660,460,27.0,26.0" icon="assets/topo/oss/U_D.png"/>
<arc id="32-33" type="通道" directed="false" tooltip="" source="32" destination="33" lineType="straightline"  flowTextFeild="22"/>
<arc id="23-33" type="通道"  directed="false"  tooltip="" source="23" destination="33" lineType="straightline"  flowTextFeild="22"/>
<node id="34" text="encoder" tooltip="TAG" type="node" bounds="780,460,27.0,26.0" icon="assets/topo/oss/U_D.png"/>
<arc id="33-34" type="通道" directed="false" tooltip="" source="33" destination="34" lineType="straightline"  flowTextFeild="23"/>
<arc id="24-34" type="通道"  directed="false"  tooltip="" source="24" destination="34" lineType="straightline"  flowTextFeild="23"/>
<node id="35" text="encoder" tooltip="TAG" type="node" bounds="900,460,27.0,26.0" icon="assets/topo/oss/U_D.png"/>
<arc id="34-35" type="通道" directed="false" tooltip="" source="34" destination="35" lineType="straightline"  flowTextFeild="24"/>
<arc id="25-35" type="通道"  directed="false"  tooltip="" source="25" destination="35" lineType="straightline"  flowTextFeild="24"/>
 
 <node id="40" text="encoder" tooltip="TAG" type="node" bounds="300,580,27.0,26.0" icon="assets/topo/oss/U_D.png"/>
<arc id="30-40" type="通道"  directed="false"  tooltip="" source="30" destination="40" lineType="straightline"  flowTextFeild="25"/>
<node id="41" text="encoder" tooltip="TAG" type="node" bounds="420,580,27.0,26.0" icon="assets/topo/oss/U_D.png"/>
<arc id="40-41" type="通道" directed="false" tooltip="" source="40" destination="41" lineType="straightline"  flowTextFeild="26"/>
<arc id="31-41" type="通道"  directed="false"  tooltip="" source="31" destination="41" lineType="straightline"  flowTextFeild="26"/>
<node id="42" text="encoder" tooltip="TAG" type="node" bounds="540,580,27.0,26.0" icon="assets/topo/oss/U_D.png"/>
<arc id="41-42" type="通道" directed="false" tooltip="" source="41" destination="42" lineType="straightline"  flowTextFeild="27"/>
<arc id="32-42" type="通道"  directed="false"  tooltip="" source="32" destination="42" lineType="straightline"  flowTextFeild="27"/>
<node id="43" text="encoder" tooltip="TAG" type="node" bounds="660,580,27.0,26.0" icon="assets/topo/oss/U_D.png"/>
<arc id="42-43" type="通道" directed="false" tooltip="" source="42" destination="43" lineType="straightline"  flowTextFeild="28"/>
<arc id="33-43" type="通道"  directed="false"  tooltip="" source="33" destination="43" lineType="straightline"  flowTextFeild="28"/>
<node id="44" text="encoder" tooltip="TAG" type="node" bounds="780,580,27.0,26.0" icon="assets/topo/oss/U_D.png"/>
<arc id="43-44" type="通道" directed="false" tooltip="" source="43" destination="44" lineType="straightline"  flowTextFeild="29"/>
<arc id="34-44" type="通道"  directed="false"  tooltip="" source="34" destination="44" lineType="straightline"  flowTextFeild="29"/>
<node id="45" text="encoder" tooltip="TAG" type="node" bounds="900,580,27.0,26.0" icon="assets/topo/oss/U_D.png"/>
<arc id="44-45" type="通道" directed="false" tooltip="" source="44" destination="45" lineType="straightline"  flowTextFeild="30"/>
<arc id="35-45" type="通道"  directed="false"  tooltip="" source="35" destination="45" lineType="straightline"  flowTextFeild="30"/>
 
 <node id="50" text="encoder" tooltip="TAG" type="node" bounds="300,700,27.0,26.0" icon="assets/topo/oss/U_D.png"/>
<arc id="40-50" type="通道"  directed="false"  tooltip="" source="40" destination="50" lineType="straightline"  flowTextFeild="31"/>
<node id="51" text="encoder" tooltip="TAG" type="node" bounds="420,700,27.0,26.0" icon="assets/topo/oss/U_D.png"/>
<arc id="50-51" type="通道" directed="false" tooltip="" source="50" destination="51" lineType="straightline"  flowTextFeild="32"/>
<arc id="41-51" type="通道"  directed="false"  tooltip="" source="41" destination="51" lineType="straightline"  flowTextFeild="32"/>
<node id="52" text="encoder" tooltip="TAG" type="node" bounds="540,700,27.0,26.0" icon="assets/topo/oss/U_D.png"/>
<arc id="51-52" type="通道" directed="false" tooltip="" source="51" destination="52" lineType="straightline"  flowTextFeild="33"/>
<arc id="42-52" type="通道"  directed="false"  tooltip="" source="42" destination="52" lineType="straightline"  flowTextFeild="33"/>
<node id="53" text="encoder" tooltip="TAG" type="node" bounds="660,700,27.0,26.0" icon="assets/topo/oss/U_D.png"/>
<arc id="52-53" type="通道" directed="false" tooltip="" source="52" destination="53" lineType="straightline"  flowTextFeild="34"/>
<arc id="43-53" type="通道"  directed="false"  tooltip="" source="43" destination="53" lineType="straightline"  flowTextFeild="34"/>
<node id="54" text="encoder" tooltip="TAG" type="node" bounds="780,700,27.0,26.0" icon="assets/topo/oss/U_D.png"/>
<arc id="53-54" type="通道" directed="false" tooltip="" source="53" destination="54" lineType="straightline"  flowTextFeild="35"/>
<arc id="44-54" type="通道"  directed="false"  tooltip="" source="44" destination="54" lineType="straightline"  flowTextFeild="35"/>
<node id="55" text="encoder" tooltip="TAG" type="node" bounds="900,700,27.0,26.0" icon="assets/topo/oss/U_D.png"/>
<arc id="54-55" type="通道" directed="false" tooltip="" source="54" destination="55" lineType="straightline"  flowTextFeild="36"/>
<arc id="45-55" type="通道"  directed="false"  tooltip="" source="45" destination="55" lineType="straightline"  flowTextFeild="36"/>
 
 
</graph>