<?xml version="1.0" ?>
<graph>
<node id="00" text="encoder" tooltip="TAG" type="node" bounds="700.0,30.0,27.0,26.0" icon="assets/topo/oss/U_D.png"/>
<node id="10" text="encoder" tooltip="TAG" type="node" bounds="550.0,30.0,27.0,26.0" icon="assets/topo/oss/U_D.png"/>
<arc id="00-10" type="undirected"  directed="false"  tooltip="" source="00" destination="10" lineType="straightline"  flowTextFeild="1"/>
<node id="11" text="encoder" tooltip="TAG" type="node" bounds="570.0961894323342,104.99999999999999,27.0,26.0" icon="assets/topo/oss/U_D.png"/>
<arc id="10-11" type="undirected" directed="false" tooltip="" source="10" destination="11" lineType="straightline"  flowTextFeild="2"/>
<arc id="00-11" type="undirected"  directed="false"  tooltip="" source="00" destination="11" lineType="straightline"  flowTextFeild="2"/>
<node id="12" text="encoder" tooltip="TAG" type="node" bounds="625.0,159.9038105676658,27.0,26.0" icon="assets/topo/oss/U_D.png"/>
<arc id="11-12" type="undirected" directed="false" tooltip="" source="11" destination="12" lineType="straightline"  flowTextFeild="3"/>
<arc id="00-12" type="undirected"  directed="false"  tooltip="" source="00" destination="12" lineType="straightline"  flowTextFeild="3"/>
<node id="13" text="encoder" tooltip="TAG" type="node" bounds="700.0,180.0,27.0,26.0" icon="assets/topo/oss/U_D.png"/>
<arc id="12-13" type="undirected" directed="false" tooltip="" source="12" destination="13" lineType="straightline"  flowTextFeild="4"/>
<arc id="00-13" type="undirected"  directed="false"  tooltip="" source="00" destination="13" lineType="straightline"  flowTextFeild="4"/>
<node id="14" text="encoder" tooltip="TAG" type="node" bounds="775.0,159.9038105676658,27.0,26.0" icon="assets/topo/oss/U_D.png"/>
<arc id="13-14" type="undirected" directed="false" tooltip="" source="13" destination="14" lineType="straightline"  flowTextFeild="5"/>
<arc id="00-14" type="undirected"  directed="false"  tooltip="" source="00" destination="14" lineType="straightline"  flowTextFeild="5"/>
<node id="15" text="encoder" tooltip="TAG" type="node" bounds="829.9038105676658,104.99999999999999,27.0,26.0" icon="assets/topo/oss/U_D.png"/>
<arc id="14-15" type="undirected" directed="false" tooltip="" source="14" destination="15" lineType="straightline"  flowTextFeild="6"/>
<arc id="00-15" type="undirected"  directed="false"  tooltip="" source="00" destination="15" lineType="straightline"  flowTextFeild="6"/>
<node id="16" text="encoder" tooltip="TAG" type="node" bounds="850.0,30.000000000000018,27.0,26.0" icon="assets/topo/oss/U_D.png"/>
<arc id="15-16" type="undirected" directed="false" tooltip="" source="15" destination="16" lineType="straightline"  flowTextFeild="7"/>
<arc id="00-16" type="undirected"  directed="false"  tooltip="" source="00" destination="16" lineType="straightline"  flowTextFeild="7"/>
 
 <node id="20" text="encoder" tooltip="TAG" type="node" bounds="400.0,30.0,27.0,26.0" icon="assets/topo/oss/U_D.png"/>
<arc id="10-20" type="undirected"  directed="false"  tooltip="" source="10" destination="20" lineType="straightline"  flowTextFeild="8"/>
<node id="21" text="encoder" tooltip="TAG" type="node" bounds="440.1923788646684,179.99999999999997,27.0,26.0" icon="assets/topo/oss/U_D.png"/>
<arc id="20-21" type="undirected" directed="false" tooltip="" source="20" destination="21" lineType="straightline"  flowTextFeild="9"/>
<arc id="11-21" type="undirected"  directed="false"  tooltip="" source="11" destination="21" lineType="straightline"  flowTextFeild="9"/>
<node id="22" text="encoder" tooltip="TAG" type="node" bounds="550.0,289.8076211353316,27.0,26.0" icon="assets/topo/oss/U_D.png"/>
<arc id="21-22" type="undirected" directed="false" tooltip="" source="21" destination="22" lineType="straightline"  flowTextFeild="10"/>
<arc id="12-22" type="undirected"  directed="false"  tooltip="" source="12" destination="22" lineType="straightline"  flowTextFeild="10"/>
<node id="23" text="encoder" tooltip="TAG" type="node" bounds="700.0,330.0,27.0,26.0" icon="assets/topo/oss/U_D.png"/>
<arc id="22-23" type="undirected" directed="false" tooltip="" source="22" destination="23" lineType="straightline"  flowTextFeild="11"/>
<arc id="13-23" type="undirected"  directed="false"  tooltip="" source="13" destination="23" lineType="straightline"  flowTextFeild="11"/>
<node id="24" text="encoder" tooltip="TAG" type="node" bounds="850.0,289.8076211353316,27.0,26.0" icon="assets/topo/oss/U_D.png"/>
<arc id="23-24" type="undirected" directed="false" tooltip="" source="23" destination="24" lineType="straightline"  flowTextFeild="12"/>
<arc id="14-24" type="undirected"  directed="false"  tooltip="" source="14" destination="24" lineType="straightline"  flowTextFeild="12"/>
<node id="25" text="encoder" tooltip="TAG" type="node" bounds="959.8076211353316,179.99999999999997,27.0,26.0" icon="assets/topo/oss/U_D.png"/>
<arc id="24-25" type="undirected" directed="false" tooltip="" source="24" destination="25" lineType="straightline"  flowTextFeild="13"/>
<arc id="15-25" type="undirected"  directed="false"  tooltip="" source="15" destination="25" lineType="straightline"  flowTextFeild="13"/>
<node id="26" text="encoder" tooltip="TAG" type="node" bounds="1000.0,30.000000000000036,27.0,26.0" icon="assets/topo/oss/U_D.png"/>
<arc id="25-26" type="undirected" directed="false" tooltip="" source="25" destination="26" lineType="straightline"  flowTextFeild="14"/>
<arc id="16-26" type="undirected"  directed="false"  tooltip="" source="16" destination="26" lineType="straightline"  flowTextFeild="14"/>
 
 <node id="30" text="encoder" tooltip="TAG" type="node" bounds="250.0,30.0,27.0,26.0" icon="assets/topo/oss/U_D.png"/>
<arc id="20-30" type="undirected"  directed="false"  tooltip="" source="20" destination="30" lineType="straightline"  flowTextFeild="15"/>
<node id="31" text="encoder" tooltip="TAG" type="node" bounds="310.2885682970026,254.99999999999997,27.0,26.0" icon="assets/topo/oss/U_D.png"/>
<arc id="30-31" type="undirected" directed="false" tooltip="" source="30" destination="31" lineType="straightline"  flowTextFeild="16"/>
<arc id="21-31" type="undirected"  directed="false"  tooltip="" source="21" destination="31" lineType="straightline"  flowTextFeild="16"/>
<node id="32" text="encoder" tooltip="TAG" type="node" bounds="474.99999999999994,419.71143170299734,27.0,26.0" icon="assets/topo/oss/U_D.png"/>
<arc id="31-32" type="undirected" directed="false" tooltip="" source="31" destination="32" lineType="straightline"  flowTextFeild="17"/>
<arc id="22-32" type="undirected"  directed="false"  tooltip="" source="22" destination="32" lineType="straightline"  flowTextFeild="17"/>
<node id="33" text="encoder" tooltip="TAG" type="node" bounds="700.0,480.0,27.0,26.0" icon="assets/topo/oss/U_D.png"/>
<arc id="32-33" type="undirected" directed="false" tooltip="" source="32" destination="33" lineType="straightline"  flowTextFeild="18"/>
<arc id="23-33" type="undirected"  directed="false"  tooltip="" source="23" destination="33" lineType="straightline"  flowTextFeild="18"/>
<node id="34" text="encoder" tooltip="TAG" type="node" bounds="924.9999999999999,419.7114317029974,27.0,26.0" icon="assets/topo/oss/U_D.png"/>
<arc id="33-34" type="undirected" directed="false" tooltip="" source="33" destination="34" lineType="straightline"  flowTextFeild="19"/>
<arc id="24-34" type="undirected"  directed="false"  tooltip="" source="24" destination="34" lineType="straightline"  flowTextFeild="19"/>
<node id="35" text="encoder" tooltip="TAG" type="node" bounds="1089.7114317029973,254.99999999999997,27.0,26.0" icon="assets/topo/oss/U_D.png"/>
<arc id="34-35" type="undirected" directed="false" tooltip="" source="34" destination="35" lineType="straightline"  flowTextFeild="20"/>
<arc id="25-35" type="undirected"  directed="false"  tooltip="" source="25" destination="35" lineType="straightline"  flowTextFeild="20"/>
<node id="36" text="encoder" tooltip="TAG" type="node" bounds="1150.0,30.000000000000057,27.0,26.0" icon="assets/topo/oss/U_D.png"/>
<arc id="35-36" type="undirected" directed="false" tooltip="" source="35" destination="36" lineType="straightline"  flowTextFeild="21"/>
<arc id="26-36" type="undirected"  directed="false"  tooltip="" source="26" destination="36" lineType="straightline"  flowTextFeild="21"/>
 
 <node id="40" text="encoder" tooltip="TAG" type="node" bounds="100.0,30.0,27.0,26.0" icon="assets/topo/oss/U_D.png"/>
<arc id="30-40" type="undirected"  directed="false"  tooltip="" source="30" destination="40" lineType="straightline"  flowTextFeild="22"/>
<node id="41" text="encoder" tooltip="TAG" type="node" bounds="180.3847577293368,329.99999999999994,27.0,26.0" icon="assets/topo/oss/U_D.png"/>
<arc id="40-41" type="undirected" directed="false" tooltip="" source="40" destination="41" lineType="straightline"  flowTextFeild="23"/>
<arc id="31-41" type="undirected"  directed="false"  tooltip="" source="31" destination="41" lineType="straightline"  flowTextFeild="23"/>
<node id="42" text="encoder" tooltip="TAG" type="node" bounds="399.99999999999994,549.6152422706632,27.0,26.0" icon="assets/topo/oss/U_D.png"/>
<arc id="41-42" type="undirected" directed="false" tooltip="" source="41" destination="42" lineType="straightline"  flowTextFeild="24"/>
<arc id="32-42" type="undirected"  directed="false"  tooltip="" source="32" destination="42" lineType="straightline"  flowTextFeild="24"/>
<node id="43" text="encoder" tooltip="TAG" type="node" bounds="700.0,630.0,27.0,26.0" icon="assets/topo/oss/U_D.png"/>
<arc id="42-43" type="undirected" directed="false" tooltip="" source="42" destination="43" lineType="straightline"  flowTextFeild="25"/>
<arc id="33-43" type="undirected"  directed="false"  tooltip="" source="33" destination="43" lineType="straightline"  flowTextFeild="25"/>
<node id="44" text="encoder" tooltip="TAG" type="node" bounds="999.9999999999999,549.6152422706632,27.0,26.0" icon="assets/topo/oss/U_D.png"/>
<arc id="43-44" type="undirected" directed="false" tooltip="" source="43" destination="44" lineType="straightline"  flowTextFeild="26"/>
<arc id="34-44" type="undirected"  directed="false"  tooltip="" source="34" destination="44" lineType="straightline"  flowTextFeild="26"/>
<node id="45" text="encoder" tooltip="TAG" type="node" bounds="1219.6152422706632,329.99999999999994,27.0,26.0" icon="assets/topo/oss/U_D.png"/>
<arc id="44-45" type="undirected" directed="false" tooltip="" source="44" destination="45" lineType="straightline"  flowTextFeild="27"/>
<arc id="35-45" type="undirected"  directed="false"  tooltip="" source="35" destination="45" lineType="straightline"  flowTextFeild="27"/>
<node id="46" text="encoder" tooltip="TAG" type="node" bounds="1300.0,30.000000000000075,27.0,26.0" icon="assets/topo/oss/U_D.png"/>
<arc id="45-46" type="undirected" directed="false" tooltip="" source="45" destination="46" lineType="straightline"  flowTextFeild="28"/>
<arc id="36-46" type="undirected"  directed="false"  tooltip="" source="36" destination="46" lineType="straightline"  flowTextFeild="28"/>
 
 <node id="50" text="encoder" tooltip="TAG" type="node" bounds="-50.0,30.0,27.0,26.0" icon="assets/topo/oss/U_D.png"/>
<arc id="40-50" type="undirected"  directed="false"  tooltip="" source="40" destination="50" lineType="straightline"  flowTextFeild="29"/>
<node id="51" text="encoder" tooltip="TAG" type="node" bounds="50.480947161671,404.99999999999994,27.0,26.0" icon="assets/topo/oss/U_D.png"/>
<arc id="50-51" type="undirected" directed="false" tooltip="" source="50" destination="51" lineType="straightline"  flowTextFeild="30"/>
<arc id="41-51" type="undirected"  directed="false"  tooltip="" source="41" destination="51" lineType="straightline"  flowTextFeild="30"/>
<node id="52" text="encoder" tooltip="TAG" type="node" bounds="324.99999999999994,679.519052838329,27.0,26.0" icon="assets/topo/oss/U_D.png"/>
<arc id="51-52" type="undirected" directed="false" tooltip="" source="51" destination="52" lineType="straightline"  flowTextFeild="31"/>
<arc id="42-52" type="undirected"  directed="false"  tooltip="" source="42" destination="52" lineType="straightline"  flowTextFeild="31"/>
<node id="53" text="encoder" tooltip="TAG" type="node" bounds="700.0,780.0,27.0,26.0" icon="assets/topo/oss/U_D.png"/>
<arc id="52-53" type="undirected" directed="false" tooltip="" source="52" destination="53" lineType="straightline"  flowTextFeild="32"/>
<arc id="43-53" type="undirected"  directed="false"  tooltip="" source="43" destination="53" lineType="straightline"  flowTextFeild="32"/>
<node id="54" text="encoder" tooltip="TAG" type="node" bounds="1074.9999999999998,679.519052838329,27.0,26.0" icon="assets/topo/oss/U_D.png"/>
<arc id="53-54" type="undirected" directed="false" tooltip="" source="53" destination="54" lineType="straightline"  flowTextFeild="33"/>
<arc id="44-54" type="undirected"  directed="false"  tooltip="" source="44" destination="54" lineType="straightline"  flowTextFeild="33"/>
<node id="55" text="encoder" tooltip="TAG" type="node" bounds="1349.5190528383291,404.99999999999994,27.0,26.0" icon="assets/topo/oss/U_D.png"/>
<arc id="54-55" type="undirected" directed="false" tooltip="" source="54" destination="55" lineType="straightline"  flowTextFeild="34"/>
<arc id="45-55" type="undirected"  directed="false"  tooltip="" source="45" destination="55" lineType="straightline"  flowTextFeild="34"/>
<node id="56" text="encoder" tooltip="TAG" type="node" bounds="1450.0,30.000000000000092,27.0,26.0" icon="assets/topo/oss/U_D.png"/>
<arc id="55-56" type="undirected" directed="false" tooltip="" source="55" destination="56" lineType="straightline"  flowTextFeild="35"/>
<arc id="46-56" type="undirected"  directed="false"  tooltip="" source="46" destination="56" lineType="straightline"  flowTextFeild="35"/>
 
 
 
</graph>