<?xml version="1.0" ?>
<graph>
<node id="00" text="BSC" tooltip="TAG" type="node" bounds="700.0,400.0,27.0,26.0" icon="assets/topo/oss/BSC.png"/>
<node id="10" text="encoder" tooltip="TAG" type="node" bounds="600.0951778418142,404.3619387365336,27.0,26.0" icon="assets/topo/oss/BTS.png"/>
<arc id="10-10" type="undirected"  directed="false"  tooltip="" source="10" destination="00" lineType="straightline"  flowTextFeild="1"/>
<node id="11" text="encoder" tooltip="TAG" type="node" bounds="632.440979238434,473.7277336810124,27.0,26.0" icon="assets/topo/oss/BTS.png"/>
<arc id="11-11" type="undirected"  directed="false"  tooltip="" source="11" destination="00" lineType="straightline"  flowTextFeild="2"/>
<node id="12" text="encoder" tooltip="TAG" type="node" bounds="704.3619387365336,499.90482215818577,27.0,26.0" icon="assets/topo/oss/BTS.png"/>
<arc id="12-12" type="undirected"  directed="false"  tooltip="" source="12" destination="00" lineType="straightline"  flowTextFeild="3"/>
<node id="13" text="encoder" tooltip="TAG" type="node" bounds="773.7277336810124,467.55902076156605,27.0,26.0" icon="assets/topo/oss/BTS.png"/>
<arc id="13-13" type="undirected"  directed="false"  tooltip="" source="13" destination="00" lineType="straightline"  flowTextFeild="4"/>
<node id="14" text="encoder" tooltip="TAG" type="node" bounds="799.9048221581858,395.6380612634664,27.0,26.0" icon="assets/topo/oss/BTS.png"/>
<arc id="14-14" type="undirected"  directed="false"  tooltip="" source="14" destination="00" lineType="straightline"  flowTextFeild="5"/>
<node id="15" text="encoder" tooltip="TAG" type="node" bounds="767.559020761566,326.2722663189876,27.0,26.0" icon="assets/topo/oss/BTS.png"/>
<arc id="15-15" type="undirected"  directed="false"  tooltip="" source="15" destination="00" lineType="straightline"  flowTextFeild="6"/>
<node id="16" text="BTS1" tooltip="TAG" type="node" bounds="695.6380612634664,300.09517784181423,27.0,26.0" icon="assets/topo/oss/BTS.png"/>
<arc id="16-16" type="undirected"  directed="false"  tooltip="" source="16" destination="00" lineType="straightline"  flowTextFeild="7"/>
<node id="17" text="encoder" tooltip="TAG" type="node" bounds="626.2722663189876,332.44097923843395,27.0,26.0" icon="assets/topo/oss/BTS.png"/>
<arc id="17-17" type="undirected"  directed="false"  tooltip="" source="17" destination="00" lineType="straightline"  flowTextFeild="8"/>
 
 <node id="20" text="encoder" tooltip="TAG" type="node" bounds="500.15040949915397,407.75507425136334,27.0,26.0" icon="assets/topo/oss/BTS.png"/>
<arc id="20-20" type="undirected"  directed="false"  tooltip="" source="20" destination="00" lineType="straightline"  flowTextFeild="9"/>
<node id="21" text="encoder" tooltip="TAG" type="node" bounds="551.8911973781991,534.4015721111045,27.0,26.0" icon="assets/topo/oss/BTS.png"/>
<arc id="21-21" type="undirected"  directed="false"  tooltip="" source="21" destination="00" lineType="straightline"  flowTextFeild="10"/>
<node id="22" text="encoder" tooltip="TAG" type="node" bounds="672.9337400499737,598.1600806729691,27.0,26.0" icon="assets/topo/oss/BTS.png"/>
<arc id="22-22" type="undirected"  directed="false"  tooltip="" source="22" destination="00" lineType="straightline"  flowTextFeild="11"/>
<node id="23" text="encoder" tooltip="TAG" type="node" bounds="806.6408865603382,569.1972851839682,27.0,26.0" icon="assets/topo/oss/BTS.png"/>
<arc id="23-23" type="undirected"  directed="false"  tooltip="" source="23" destination="00" lineType="straightline"  flowTextFeild="12"/>
<node id="24" text="encoder" tooltip="TAG" type="node" bounds="890.4495770676831,461.0651995390227,27.0,26.0" icon="assets/topo/oss/BTS.png"/>
<arc id="24-24" type="undirected"  directed="false"  tooltip="" source="24" destination="00" lineType="straightline"  flowTextFeild="13"/>
<node id="25" text="encoder" tooltip="TAG" type="node" bounds="885.1447938537781,324.3600283656715,27.0,26.0" icon="assets/topo/oss/BTS.png"/>
<arc id="25-25" type="undirected"  directed="false"  tooltip="" source="25" destination="00" lineType="straightline"  flowTextFeild="14"/>
<node id="26" text="BTS2" tooltip="TAG" type="node" bounds="793.2087039405079,223.0476405646685,27.0,26.0" icon="assets/topo/oss/BTS.png"/>
<arc id="26-26" type="undirected"  directed="false"  tooltip="" source="26" destination="00" lineType="straightline"  flowTextFeild="15"/>
<node id="27" text="encoder" tooltip="TAG" type="node" bounds="657.659225554118,204.53322834987287,27.0,26.0" icon="assets/topo/oss/BTS.png"/>
<arc id="27-27" type="undirected"  directed="false"  tooltip="" source="27" destination="00" lineType="straightline"  flowTextFeild="16"/>
<node id="28" text="encoder" tooltip="TAG" type="node" bounds="541.9214660962482,277.47989096135933,27.0,26.0" icon="assets/topo/oss/BTS.png"/>
<arc id="28-28" type="undirected"  directed="false"  tooltip="" source="28" destination="00" lineType="straightline"  flowTextFeild="17"/>
 
 <node id="30" text="encoder" tooltip="TAG" type="node" bounds="400.1510372850445,409.5183800494203,27.0,26.0" icon="assets/topo/oss/BTS.png"/>
<arc id="30-30" type="undirected"  directed="false"  tooltip="" source="30" destination="00" lineType="straightline"  flowTextFeild="18"/>
<node id="31" text="encoder" tooltip="TAG" type="node" bounds="452.89702557105016,570.1179591588312,27.0,26.0" icon="assets/topo/oss/BTS.png"/>
<arc id="31-31" type="undirected"  directed="false"  tooltip="" source="31" destination="00" lineType="straightline"  flowTextFeild="19"/>
<node id="32" text="encoder" tooltip="TAG" type="node" bounds="584.0964622920615,676.7062882313744,27.0,26.0" icon="assets/topo/oss/BTS.png"/>
<arc id="32-32" type="undirected"  directed="false"  tooltip="" source="32" destination="00" lineType="straightline"  flowTextFeild="20"/>
<node id="33" text="encoder" tooltip="TAG" type="node" bounds="752.0944533000791,695.4423259036623,27.0,26.0" icon="assets/topo/oss/BTS.png"/>
<arc id="33-33" type="undirected"  directed="false"  tooltip="" source="33" destination="00" lineType="straightline"  flowTextFeild="21"/>
<node id="34" text="encoder" tooltip="TAG" type="node" bounds="903.5528234671397,620.37751259726,27.0,26.0" icon="assets/topo/oss/BTS.png"/>
<arc id="34-34" type="undirected"  directed="false"  tooltip="" source="34" destination="00" lineType="straightline"  flowTextFeild="22"/>
<node id="35" text="encoder" tooltip="TAG" type="node" bounds="990.384610418907,475.3443961543238,27.0,26.0" icon="assets/topo/oss/BTS.png"/>
<arc id="35-35" type="undirected"  directed="false"  tooltip="" source="35" destination="00" lineType="straightline"  flowTextFeild="23"/>
<node id="36" text="encoder" tooltip="TAG" type="node" bounds="985.0213353222837,306.38996629045397,27.0,26.0" icon="assets/topo/oss/BTS.png"/>
<arc id="36-36" type="undirected"  directed="false"  tooltip="" source="36" destination="00" lineType="straightline"  flowTextFeild="24"/>
<node id="37" text="encoder" tooltip="TAG" type="node" bounds="889.1658001253568,167.1560607124729,27.0,26.0" icon="assets/topo/oss/BTS.png"/>
<arc id="37-37" type="undirected"  directed="false"  tooltip="" source="37" destination="00" lineType="straightline"  flowTextFeild="25"/>
<node id="38" text="encoder" tooltip="TAG" type="node" bounds="733.2514599703034,101.84846066162379,27.0,26.0" icon="assets/topo/oss/BTS.png"/>
<arc id="38-38" type="undirected"  directed="false"  tooltip="" source="38" destination="00" lineType="straightline"  flowTextFeild="26"/>
<node id="39" text="encoder" tooltip="TAG" type="node" bounds="566.780016218268,131.20186771259915,27.0,26.0" icon="assets/topo/oss/BTS.png"/>
<arc id="39-39" type="undirected"  directed="false"  tooltip="" source="39" destination="00" lineType="straightline"  flowTextFeild="27"/>
<node id="310" text="encoder" tooltip="TAG" type="node" bounds="442.60497602950693,245.89678252797808,27.0,26.0" icon="assets/topo/oss/BTS.png"/>
<arc id="310-310" type="undirected"  directed="false"  tooltip="" source="310" destination="00" lineType="straightline"  flowTextFeild="28"/>
 
 <node id="40" text="encoder" tooltip="TAG" type="node" bounds="300.1243271996735,409.97227669522914,27.0,26.0" icon="assets/topo/oss/BTS.png"/>
<arc id="40-40" type="undirected"  directed="false"  tooltip="" source="40" destination="00" lineType="straightline"  flowTextFeild="29"/>
<node id="41" text="encoder" tooltip="TAG" type="node" bounds="344.0512764754126,582.4842629412651,27.0,26.0" icon="assets/topo/oss/BTS.png"/>
<arc id="41-41" type="undirected"  directed="false"  tooltip="" source="41" destination="00" lineType="straightline"  flowTextFeild="30"/>
<node id="42" text="encoder" tooltip="TAG" type="node" bounds="458.47823586980905,718.8530028891689,27.0,26.0" icon="assets/topo/oss/BTS.png"/>
<arc id="42-42" type="undirected"  directed="false"  tooltip="" source="42" destination="00" lineType="straightline"  flowTextFeild="31"/>
<node id="43" text="encoder" tooltip="TAG" type="node" bounds="620.741542720241,792.0689951394176,27.0,26.0" icon="assets/topo/oss/BTS.png"/>
<arc id="43-43" type="undirected"  directed="false"  tooltip="" source="43" destination="00" lineType="straightline"  flowTextFeild="32"/>
<node id="44" text="encoder" tooltip="TAG" type="node" bounds="798.7029590761175,787.6309144916312,27.0,26.0" icon="assets/topo/oss/BTS.png"/>
<arc id="44-44" type="undirected"  directed="false"  tooltip="" source="44" destination="00" lineType="straightline"  flowTextFeild="33"/>
<node id="45" text="encoder" tooltip="TAG" type="node" bounds="957.1150438746158,706.4177772475912,27.0,26.0" icon="assets/topo/oss/BTS.png"/>
<arc id="45-45" type="undirected"  directed="false"  tooltip="" source="45" destination="00" lineType="straightline"  flowTextFeild="34"/>
<node id="46" text="encoder" tooltip="TAG" type="node" bounds="1064.6023409246693,564.5148412522447,27.0,26.0" icon="assets/topo/oss/BTS.png"/>
<arc id="46-46" type="undirected"  directed="false"  tooltip="" source="46" destination="00" lineType="straightline"  flowTextFeild="35"/>
<node id="47" text="encoder" tooltip="TAG" type="node" bounds="1099.8756728003264,390.02772330477086,27.0,26.0" icon="assets/topo/oss/BTS.png"/>
<arc id="47-47" type="undirected"  directed="false"  tooltip="" source="47" destination="00" lineType="straightline"  flowTextFeild="36"/>
<node id="48" text="BTS3" tooltip="TAG" type="node" bounds="1055.9487235245874,217.51573705873483,27.0,26.0" icon="assets/topo/oss/BTS.png"/>
<arc id="48-48" type="undirected"  directed="false"  tooltip="" source="48" destination="00" lineType="straightline"  flowTextFeild="37"/>
<node id="49" text="encoder" tooltip="TAG" type="node" bounds="941.521764130191,81.14699711083102,27.0,26.0" icon="assets/topo/oss/BTS.png"/>
<arc id="49-49" type="undirected"  directed="false"  tooltip="" source="49" destination="00" lineType="straightline"  flowTextFeild="38"/>
<node id="410" text="encoder" tooltip="TAG" type="node" bounds="779.2584572797591,7.931004860582448,27.0,26.0" icon="assets/topo/oss/BTS.png"/>
<arc id="410-410" type="undirected"  directed="false"  tooltip="" source="410" destination="00" lineType="straightline"  flowTextFeild="39"/>
<node id="411" text="encoder" tooltip="TAG" type="node" bounds="601.297040923883,12.369085508368698,27.0,26.0" icon="assets/topo/oss/BTS.png"/>
<arc id="411-411" type="undirected"  directed="false"  tooltip="" source="411" destination="00" lineType="straightline"  flowTextFeild="40"/>
<node id="412" text="encoder" tooltip="TAG" type="node" bounds="442.8849561253843,93.58222275240877,27.0,26.0" icon="assets/topo/oss/BTS.png"/>
<arc id="412-412" type="undirected"  directed="false"  tooltip="" source="412" destination="00" lineType="straightline"  flowTextFeild="41"/>
<node id="413" text="BTS1" tooltip="TAG" type="node" bounds="335.39765907533064,235.48515874775566,27.0,26.0" icon="assets/topo/oss/BTS.png"/>
<arc id="413-413" type="undirected"  directed="false"  tooltip="" source="413" destination="00" lineType="straightline"  flowTextFeild="42"/>
 
 
 
 
</graph>