<?xml version="1.0" ?>
<graph>
  <node id="1" text="1F-Node"  type="PC"  icon="assets/topo/pc.png" bounds="262,186,0,0"/>
  <node id="2" text="1F-Node"  type="PC"  icon="assets/topo/pc.png" bounds="200,120,0,0"/>
  <node id="3" text="1F-Node"  type="PC"  icon="assets/topo/pc.png" bounds="130,190,0,0"/>
  <node id="4" text="1F-Node"  type="PC"  icon="assets/topo/pc.png" bounds="202,248,0,0"/>
  <node id="5" text="2F-Node"  type="PC"  icon="assets/topo/pc.png" bounds="420,190,0,0"/>
  <node id="6" text="2F-Node"  type="PC"  icon="assets/topo/pc.png" bounds="495,120,0,0"/>
  <node id="7" text="2F-Node"  type="PC"  icon="assets/topo/pc.png" bounds="570,186,0,0"/>
  <node id="8" text="2F-Node"  type="PC"  icon="assets/topo/pc.png" bounds="490,248,0,0"/>
  
  <group id="10" text="group1" type="group" nodes="1,2,3,4" bounds="100,100,300,300"/>
  <group id="11" text="group2" type="group" nodes="5,6,7,8" bounds="400,100,300,300"/>
  
  <arc id="100" type="TC"  source="1" destination="2"/>
  <arc id="101" type="TC"  source="2" destination="3"/>
  <arc id="102" type="TC"  source="3" destination="4"/>
  <arc id="103" type="TC"  source="4" destination="1"/>
  <arc id="104" type="TC"  source="5" destination="6"/>
  <arc id="105" type="TC"  source="6" destination="7"/>
  <arc id="106" type="TC"  source="7" destination="8"/>
  <arc id="107" type="TC"  source="8" destination="9"/>
  <arc id="108" type="TC"  source="8" destination="5"/>
  <arc id="109" type="TC+"  source="1" destination="5"/>
</graph>