<?xml version="1.0" ?>
<graph>
  <node id="1" text="oLive Router" tooltip="oLive Router" type="node" bounds="530,130,27.0,26.0" icon="assets/topo/pstn/tw130.png"/>
  <node id="2" text="DATA" tooltip="internet网关" type="node" bounds="400,180,27.0,26.0" icon="assets/topo/pstn/cloud.png"/>
  <node id="3" text="DATA" tooltip="internet网关" type="node" bounds="720,40,27.0,26.0" icon="assets/topo/pstn/cloud.png"/>
  <node id="4" text="PSTN" tooltip="卫星电话发射器" type="node" bounds="500,20,27.0,26.0" icon="assets/topo/pstn/cloud.png"/>
  <node id="5" text="Scrarnbler" tooltip="无线路由" type="node" bounds="300,20,27.0,26.0" icon="assets/topo/pstn/router.png"/>
  <node id="6" text="encoder" tooltip="PC" type="node" bounds="170,50,27.0,26.0" icon="assets/topo/pstn/router2.png"/>
  <node id="7" text="encoder" tooltip="PC" type="node" bounds="170,80.9,27.0,26.0" icon="assets/topo/pstn/router2.png"/>
  <node id="8" text="encoder" tooltip="PC" type="node" bounds="170,110,27.0,26.0" icon="assets/topo/pstn/router2.png"/>
  <node id="9" text="encoder" tooltip="PC" type="node" bounds="170,140.9,27.0,26.0" icon="assets/topo/pstn/router2.png"/>
  <node id="10" text="encoder" tooltip="PC" type="node" bounds="170,170,27.0,26.0" icon="assets/topo/pstn/router2.png"/>
  <node id="12" text="encoder" tooltip="PC" type="node" bounds="170,200,27.0,26.0" icon="assets/topo/pstn/router2.png"/>
  <node id="13" text="encoder" tooltip="手机" type="node" bounds="170,230,27.0,26.0" icon="assets/topo/pstn/router2.png"/>
  <node id="14" text="WDM" tooltip="手机" type="node" bounds="700,200,27.0,26.0" icon="assets/topo/pstn/wdm.png"/>
  <node id="15" text="1M" tooltip="手机" type="node" bounds="800,300,27.0,26.0" icon="assets/topo/pstn/testing.png"/>
  <node id="16" text="WDM" tooltip="手机" type="node" bounds="860,200,27.0,26.0" icon="assets/topo/pstn/wdm.png"/>
  <node id="17" text="ONT" tooltip="手机" type="node" bounds="950,310,27.0,26.0" icon="assets/topo/pstn/msc.png"/>
  <node id="18" text="Phone" tooltip="座机" type="node" bounds="1050,400,27.0,26.0" icon="assets/topo/pstn/phone.png"/>
  <node id="19" text="PC" tooltip="座机" type="node" bounds="1050,450,27.0,26.0" icon="assets/topo/pstn/host.png"/>
  <node id="20" text="STB" tooltip="座机" type="node" bounds="1050,500,27.0,26.0" icon="assets/topo/pstn/router2.png"/>
  <node id="21" text="IPTV/SDV" tooltip="文件服务器" type="node" bounds="1050,550,27.0,26.0" icon="assets/topo/pstn/terminal.png"/>
  <node id="22" text="Pre-Amp" tooltip="数据库服务器" type="node" bounds="530,300,27.0,26.0" icon="assets/topo/pstn/cartridge_system.png"/>
  <node id="23" text="OLT" tooltip="数据库服务器" type="node" bounds="220,300,27.0,26.0" icon="assets/topo/pstn/router.png"/>
  <node id="24" text="Modem" tooltip="数据库服务器" type="node" bounds="1030,140,27.0,26.0" icon="assets/topo/pstn/modem.png"/>
  <node id="25" text="PC" tooltip="数据库服务器" type="node" bounds="1250,50,27.0,26.0" icon="assets/topo/pstn/host.png"/>
  <node id="26" text="STB" tooltip="数据库服务器" type="node" bounds="1250,250,27.0,26.0" icon="assets/topo/pstn/router2.png"/>
  
  <node id="27" text="IPTV/SDV" tooltip="数据库服务器" type="node" bounds="1300,140.9,27.0,26.0" icon="assets/topo/pstn/terminal.png"/>
  <node id="28" text="卫星" tooltip="数据库服务器" type="node" bounds="77,60.9,27.0,26.0" icon="assets/topo/pstn/satellite_antenna.png"/>
  <node id="29" text="off air" tooltip="数据库服务器" type="node" bounds="77,160,27.0,26.0" icon="assets/topo/pstn/antenna.png"/>
  <node id="30" text="programming" tooltip="数据库服务器" type="node" bounds="77,260.9,27.0,26.0" icon="assets/topo/pstn/mainframe.png"/>
  
  <arc id="100" type="undirected" tooltip="" source="1" destination="2" selected="true" directed="false" lineType="straightline"/>
  <arc id="101" type="undirected" tooltip="" source="1" destination="3" lineType="straightline"/>
  <arc id="124" type="undirected" tooltip="" source="1" destination="4" lineType="straightline"/>
  <arc id="102" type="dashed" tooltip="" source="1" destination="14" lineType="straightline"/>
  <arc id="103" type="undirected" tooltip="" source="2" destination="5" lineType="straightline"/>
  <arc id="104" type="dashed" tooltip="" source="5" destination="6" lineType="BROKEN_1" layout="vertical"/>
  <arc id="105" type="undirected" tooltip="" source="5" destination="7" lineType="BROKEN_1" layout="vertical"/>
  <arc id="106" type="undirected" tooltip="" source="5" destination="8" lineType="BROKEN_1" layout="vertical"/>
  <arc id="107" type="undirected" tooltip="" source="5" destination="9" lineType="BROKEN_1" layout="vertical"/>
  <arc id="108" type="undirected" tooltip="" source="5" destination="10" lineType="BROKEN_1" layout="vertical"/>
  <arc id="109" type="undirected" tooltip="" source="5" destination="11" lineType="BROKEN_1" layout="vertical"/>
   <arc id="110" type="dashed" tooltip="" source="5" destination="12" lineType="BROKEN_1" layout="vertical"/>
   <arc id="111" type="dashed" tooltip="" source="5" destination="13" lineType="BROKEN_1" layout="vertical"/>
    

  <arc id="112" type="dashed" tooltip="" source="14" destination="22" lineType="BROKEN_1" layout="vertical"/>
  <arc id="113" type="undirected" tooltip="" source="22" destination="23" lineType="straightline"/>
  <arc id="114" type="undirected" tooltip="" source="14" destination="15" lineType="straightline"/>
  <arc id="115" type="undirected" tooltip="" source="15" destination="16" lineType="straightline"/>
  <arc id="116" type="dashed" tooltip="" source="16" destination="17" lineType="BROKEN_1" layout="vertical"/>
  <arc id="117" type="undirected" tooltip="" source="17" destination="18" lineType="BROKEN_1" layout="vertical"/>
  <arc id="118" type="undirected" tooltip="" source="17" destination="19" lineType="BROKEN_1" layout="vertical"/>
  <arc id="119" type="dashed" tooltip="" source="17" destination="20" lineType="BROKEN_1" layout="vertical"/>
  <arc id="120" type="undirected" tooltip="" source="17" destination="21" lineType="BROKEN_1" layout="vertical"/>
  <arc id="121" type="undirected" tooltip="" source="24" destination="25" lineType="BROKEN_1" layout="vertical"/>
  <arc id="122" type="undirected" tooltip="" source="24" destination="26" lineType="BROKEN_1" layout="vertical"/>
  <arc id="123" type="undirected" tooltip="" source="26" destination="27" lineType="BROKEN_1" layout="vertical"/>
</graph>