<?xml version="1.0" ?>
<graph>
  <node id="1" text="乌鲁木齐" tooltip="云" type="空港"  icon="assets/map/ball.png" bounds="485,241,0,0"/>
  <node id="2" text="伊宁" tooltip="伊宁" type="空港"  icon="assets/map/ball.png" bounds="369,252,0,0"/>
  <node id="3" text="喀什" tooltip="喀什" type="空港"  icon="assets/map/ball.png" bounds="217,403,0,0"/>
  <node id="4" text="阿克苏" tooltip="阿克苏" type="空港"  icon="assets/map/ball.png" bounds="346,407,0,0"/>
  <node id="5" text="卑尔勒" tooltip="卑尔勒" type="空港"  icon="assets/map/ball.png" bounds="455,396,0,0"/>
  
  <node id="6" text="敦煌" tooltip="敦煌" type="空港"  icon="assets/map/ball.png" bounds="711,433,0,0"/>
  <node id="7" text="西宁" tooltip="西宁" type="空港"  icon="assets/map/ball.png" bounds="834,473,0,0"/>
  <node id="8" text="银川" tooltip="银川" type="空港"  icon="assets/map/ball.png" bounds="931,413,0,0"/>
  <node id="9" text="兰州" tooltip="兰州" type="空港"  icon="assets/map/ball.png" bounds="882,488,0,0"/>
  
  <node id="10" text="西安" tooltip="西安" type="空港"  icon="assets/map/ball.png" bounds="992,602,0,0"/>
  <node id="11" text="呼和浩特" tooltip="呼和浩特" type="空港"  icon="assets/map/ball.png" bounds="1038,419,0,0"/>
  <node id="12" text="包头" tooltip="包头" type="空港"  icon="assets/map/ball.png" bounds="964,359,0,0"/>
  
  <node id="13" text="洛阳" tooltip="洛阳" type="空港"  icon="assets/map/ball.png" bounds="1048,602,0,0"/>
  <node id="14" text="郑州" tooltip="郑州" type="空港"  icon="assets/map/ball.png" bounds="1117,598,0,0"/>
  <node id="15" text="太原" tooltip="太原" type="空港"  icon="assets/map/ball.png" bounds="1079,428,0,0"/>
  <node id="16" text="石家庄" tooltip="石家庄" type="空港"  icon="assets/map/ball.png" bounds="1126,427,0,0"/>
  
  <node id="17" text="九寨沟" tooltip="九寨沟" type="空港"  icon="assets/map/ball.png" bounds="858,586,0,0"/>
  <node id="18" text="成都" tooltip="成都" type="空港"  icon="assets/map/ball.png" bounds="858,621,0,0"/>
  <node id="19" text="绵阳" tooltip="绵阳" type="空港"  icon="assets/map/ball.png" bounds="892,606,0,0"/>
  <node id="20" text="重庆" tooltip="重庆" type="空港"  icon="assets/map/ball.png" bounds="943,722,0,0"/>
  <node id="21" text="宜宾" tooltip="宜宾" type="空港"  icon="assets/map/ball.png" bounds="890,673,0,0"/>
  <node id="22" text="泸州" tooltip="泸州" type="空港"  icon="assets/map/ball.png" bounds="923,669,0,0"/>
  <node id="23" text="中旬" tooltip="中旬" type="空港"  icon="assets/map/ball.png" bounds="758,705,0,0"/>
  <node id="24" text="昭通" tooltip="昭通" type="空港"  icon="assets/map/ball.png" bounds="864,707,0,0"/>
  <node id="25" text="贵阳" tooltip="贵阳" type="空港"  icon="assets/map/ball.png" bounds="952,808,0,0"/>
  <node id="26" text="大理" tooltip="大理" type="空港"  icon="assets/map/ball.png" bounds="858,621,0,0"/>
  <node id="27" text="昆明" tooltip="昆明" type="空港"  icon="assets/map/ball.png" bounds="863,848,0,0"/>
  <node id="28" text="保山" tooltip="保山" type="空港"  icon="assets/map/ball.png" bounds="766,766,0,0"/>
  <node id="29" text="西双版纳" tooltip="西双版纳" type="空港"  icon="assets/map/ball.png" bounds="804,848,0,0"/>
  <node id="30" text="思茅" tooltip="思茅" type="空港"  icon="assets/map/ball.png" bounds="816,825,0,0"/>
  
  <node id="31" text="南宁" tooltip="南宁" type="空港"  icon="assets/map/ball.png" bounds="981,834,0,0"/>
  <node id="32" text="北海" tooltip="北海" type="空港"  icon="assets/map/ball.png" bounds="993,876,0,0"/>
  <node id="33" text="桂林" tooltip="桂林" type="空港"  icon="assets/map/ball.png" bounds="999,900,0,0"/>
  
  <node id="34" text="长沙" tooltip="长沙" type="空港"  icon="assets/map/ball.png" bounds="1091,779,0,0"/>
  <node id="35" text="南昌" tooltip="南昌" type="空港"  icon="assets/map/ball.png" bounds="1153,761,0,0"/>
  
   <node id="36" text="广州" tooltip="广州" type="空港"  icon="assets/map/ball.png" bounds="1100,897,0,0"/>
   <node id="37" text="珠海" tooltip="珠海" type="空港"  icon="assets/map/ball.png" bounds="1068,855,0,0"/>
   <node id="38" text="湛江" tooltip="湛江" type="空港"  icon="assets/map/ball.png" bounds="1025,885,0,0"/>
   <node id="39" text="深圳" tooltip="深圳" type="空港"  icon="assets/map/ball.png" bounds="1104,858,0,0"/>
   <node id="40" text="香港" tooltip="香港" type="空港"  icon="assets/map/ball.png" bounds="1122,857,0,0"/>
   <node id="41" text="澳门" tooltip="澳门" type="空港"  icon="assets/map/ball.png" bounds="1101,870,0,0"/>
   <node id="42" text="海口" tooltip="海口" type="空港"  icon="assets/map/ball.png" bounds="1021,978,0,0"/>
   <node id="43" text="三亚" tooltip="三亚" type="空港"  icon="assets/map/ball.png" bounds="992,1007,0,0"/>
   <node id="44" text="汕头" tooltip="汕头" type="空港"  icon="assets/map/ball.png" bounds="1167,882,0,0"/>
   
   <node id="45" text="厦门" tooltip="厦门" type="空港"  icon="assets/map/ball.png" bounds="1223,855,0,0"/>
   <node id="46" text="漳州" tooltip="漳州" type="空港"  icon="assets/map/ball.png" bounds="1197,858,0,0"/>
   <node id="47" text="泉州" tooltip="泉州" type="空港"  icon="assets/map/ball.png" bounds="1245,840,0,0"/>
   <node id="48" text="武夷山" tooltip="武夷山" type="空港"  icon="assets/map/ball.png" bounds="1204,788,0,0"/>
   <node id="49" text="福州" tooltip="福州" type="空港"  icon="assets/map/ball.png" bounds="1230,806,0,0"/>
   <node id="50" text="晋江" tooltip="晋江" type="空港"  icon="assets/map/ball.png" bounds="1225,844,0,0"/>
   
   <node id="51" text="温州" tooltip="温州" type="空港"  icon="assets/map/ball.png" bounds="1269,778,0,0"/>
   <node id="52" text="黄岩" tooltip="黄岩" type="空港"  icon="assets/map/ball.png" bounds="1281,766,0,0"/>
   <node id="53" text="宁波" tooltip="宁波" type="空港"  icon="assets/map/ball.png" bounds="1287,739,0,0"/>
   <node id="54" text="舟山" tooltip="舟山" type="空港"  icon="assets/map/ball.png" bounds="1269,752,0,0"/>
   <node id="55" text="杭州" tooltip="杭州" type="空港"  icon="assets/map/ball.png" bounds="1245,727,0,0"/>
  
   <node id="56" text="上海" tooltip="上海" type="空港"  icon="assets/map/ball.png" bounds="1285,696,0,0"/>
   
   <node id="57" text="黄山" tooltip="黄山" type="空港"  icon="assets/map/ball.png"  bounds="1204,737,0,0"/>
   <node id="58" text="合肥" tooltip="合肥" type="空港"  icon="assets/map/ball.png"  bounds="1184,689,0,0"/>
   <node id="59" text="阜阳" tooltip="阜阳" type="空港"  icon="assets/map/ball.png"  bounds="1150,655,0,0"/>
   
   <node id="60" text="安康" tooltip="安康" type="空港"  icon="assets/map/ball.png"  bounds="1003,660,0,0"/>
   <node id="61" text="武汉" tooltip="武汉" type="空港"  icon="assets/map/ball.png"  bounds="1113,697,0,0"/>
   <node id="62" text="宜昌" tooltip="宜昌" type="空港"  icon="assets/map/ball.png"  bounds="1031,722,0,0"/>
   <node id="63" text="襄阳" tooltip="襄阳" type="空港"  icon="assets/map/ball.png"  bounds="1069,680,0,0"/>
   <node id="64" text="恩施" tooltip="恩施" type="空港"  icon="assets/map/ball.png"  bounds="1014,736,0,0"/>
   
   <node id="65" text="南京" tooltip="南京" type="空港"  icon="assets/map/ball.png"  bounds="1214,666,0,0"/>
   <node id="66" text="常州" tooltip="常州" type="空港"  icon="assets/map/ball.png"  bounds="1243,690,0,0"/>
   <node id="67" text="盐城" tooltip="盐城" type="空港"  icon="assets/map/ball.png"  bounds="1259,659,0,0"/>
   <node id="68" text="连云港" tooltip="连云港" type="空港"  icon="assets/map/ball.png" bounds="1228,619,0,0"/>
   
   <node id="69" text="徐州" tooltip="徐州" type="空港"  icon="assets/map/ball.png" bounds="1183,613,0,0"/>
   <node id="70" text="济南" tooltip="济南" type="空港"  icon="assets/map/ball.png" bounds="1178,544,0,0"/>
   <node id="71" text="青岛" tooltip="青岛" type="空港"  icon="assets/map/ball.png" bounds="1254,561,0,0"/>
   <node id="72" text="烟台" tooltip="烟台" type="空港"  icon="assets/map/ball.png" bounds="1280,525,0,0"/>
   
   <node id="73" text="天津" tooltip="天津" type="空港"  icon="assets/map/ball.png" bounds="1176,470,0,0"/>
   <node id="74" text="北京" tooltip="北京" type="空港"  icon="assets/map/ball.png" bounds="1164,445,0,0"/>
   
   <node id="75" text="锦州" tooltip="锦州" type="空港"  icon="assets/map/ball.png" bounds="1263,427,0,0"/>
   <node id="76" text="大连" tooltip="大连" type="空港"  icon="assets/map/ball.png" bounds="1259,478,0,0"/>
   <node id="77" text="沈阳" tooltip="沈阳" type="空港"  icon="assets/map/ball.png" bounds="1290,394,0,0"/>
   <node id="78" text="长春" tooltip="长春" type="空港"  icon="assets/map/ball.png" bounds="1371,332,0,0"/>
   <node id="79" text="哈尔滨" tooltip="哈尔滨" type="空港"  icon="assets/map/ball.png" bounds="1385,246,0,0"/>
   <node id="80" text="牡丹江" tooltip="牡丹江" type="空港"  icon="assets/map/ball.png" bounds="1470,310,0,0"/>
   <node id="81" text="齐齐哈尔" tooltip="齐齐哈尔" type="空港"  icon="assets/map/ball.png" bounds="1337,219,0,0"/>
   <node id="82" text="佳木斯" tooltip="佳木斯" type="空港"  icon="assets/map/ball.png" bounds="1483,236,0,0"/>
   
  <arc id="100" type="航线" tooltip="" source="1" destination="2" selected="true" directed="false" lineType="straightline"/>
  <arc id="101" type="航线" tooltip="" source="1" destination="3" selected="true" directed="false" lineType="straightline"/>
  <arc id="102" type="航线" tooltip="" source="1" destination="4" selected="true" directed="false" lineType="straightline"/>
  <arc id="103" type="航线" tooltip="" source="1" destination="5" selected="true" directed="false" lineType="straightline"/>
  <arc id="104" type="航线" tooltip="" source="1" destination="6" selected="true" directed="false" lineType="straightline"/>
  <arc id="105" type="航线" tooltip="" source="1" destination="7" selected="true" directed="false" lineType="straightline"/>
  <arc id="106" type="航线" tooltip="" source="1" destination="8" selected="true" directed="false" lineType="straightline"/>
  <arc id="107" type="航线" tooltip="" source="1" destination="9" selected="true" directed="false" lineType="straightline"/>
  <arc id="108" type="航线" tooltip="" source="1" destination="10" selected="true" directed="false" lineType="straightline"/>
  <arc id="109" type="航线" tooltip="" source="10" destination="11" selected="true" directed="false" lineType="straightline"/>
  <arc id="110" type="航线" tooltip="" source="10" destination="12" selected="true" directed="false" lineType="straightline"/>
  <arc id="111" type="航线" tooltip="" source="10" destination="13" selected="true" directed="false" lineType="straightline"/>
  <arc id="112" type="航线" tooltip="" source="10" destination="14" selected="true" directed="false" lineType="straightline"/>
  <arc id="113" type="航线" tooltip="" source="10" destination="15" selected="true" directed="false" lineType="straightline"/>
  <arc id="114" type="航线" tooltip="" source="10" destination="16" selected="true" directed="false" lineType="straightline"/>
  <arc id="115" type="航线" tooltip="" source="10" destination="17" selected="true" directed="false" lineType="straightline"/>
  <arc id="116" type="航线" tooltip="" source="10" destination="18" selected="true" directed="false" lineType="straightline"/>
  <arc id="117" type="航线" tooltip="" source="10" destination="19" selected="true" directed="false" lineType="straightline"/>
  <arc id="118" type="航线" tooltip="" source="36" destination="20" selected="true" directed="false" lineType="straightline"/>
  <arc id="119" type="航线" tooltip="" source="36" destination="21" selected="true" directed="false" lineType="straightline"/>
  <arc id="120" type="航线" tooltip="" source="36" destination="22" selected="true" directed="false" lineType="straightline"/>
  <arc id="121" type="航线" tooltip="" source="36" destination="23" selected="true" directed="false" lineType="straightline"/>
  <arc id="122" type="航线" tooltip="" source="36" destination="24" selected="true" directed="false" lineType="straightline"/>
  <arc id="123" type="航线" tooltip="" source="36" destination="25" selected="true" directed="false" lineType="straightline"/>
  <arc id="124" type="航线" tooltip="" source="36" destination="26" selected="true" directed="false" lineType="straightline"/>
  <arc id="125" type="航线" tooltip="" source="36" destination="27" selected="true" directed="false" lineType="straightline"/>
  <arc id="126" type="航线" tooltip="" source="36" destination="28" selected="true" directed="false" lineType="straightline"/>
  <arc id="127" type="航线" tooltip="" source="36" destination="29" selected="true" directed="false" lineType="straightline"/>
  <arc id="128" type="航线" tooltip="" source="36" destination="30" selected="true" directed="false" lineType="straightline"/>
  
  <arc id="129" type="航线" tooltip="" source="36" destination="10" selected="true" directed="false" lineType="straightline"/>
  <arc id="130" type="航线" tooltip="" source="61" destination="74" selected="true" directed="false" lineType="straightline"/>
  <arc id="131" type="航线" tooltip="" source="61" destination="56" selected="true" directed="false" lineType="straightline"/>
  <arc id="132" type="航线" tooltip="" source="61" destination="73" selected="true" directed="false" lineType="straightline"/>
  <arc id="133" type="航线" tooltip="" source="61" destination="42" selected="true" directed="false" lineType="straightline"/>
  <arc id="134" type="航线" tooltip="" source="61" destination="43" selected="true" directed="false" lineType="straightline"/>
  <arc id="135" type="航线" tooltip="" source="61" destination="55" selected="true" directed="false" lineType="straightline"/>
  <arc id="136" type="航线" tooltip="" source="61" destination="45" selected="true" directed="false" lineType="straightline"/>
  <arc id="137" type="航线" tooltip="" source="61" destination="49" selected="true" directed="false" lineType="straightline"/>
  <arc id="138" type="航线" tooltip="" source="61" destination="27" selected="true" directed="false" lineType="straightline"/>
  <arc id="139" type="航线" tooltip="" source="61" destination="18" selected="true" directed="false" lineType="straightline"/>
  <arc id="140" type="航线" tooltip="" source="61" destination="40" selected="true" directed="false" lineType="straightline"/>
  <arc id="141" type="航线" tooltip="" source="61" destination="39" selected="true" directed="false" lineType="straightline"/>
  <arc id="142" type="航线" tooltip="" source="61" destination="30" selected="true" directed="false" lineType="straightline"/>
  <arc id="143" type="航线" tooltip="" source="61" destination="30" selected="true" directed="false" lineType="straightline"/>
  <arc id="144" type="航线" tooltip="" source="61" destination="30" selected="true" directed="false" lineType="straightline"/>
  <arc id="145" type="航线" tooltip="" source="61" destination="30" selected="true" directed="false" lineType="straightline"/>
  <arc id="146" type="航线" tooltip="" source="61" destination="30" selected="true" directed="false" lineType="straightline"/>
  <arc id="147" type="航线" tooltip="" source="61" destination="71" selected="true" directed="false" lineType="straightline"/>
  <arc id="148" type="航线" tooltip="" source="61" destination="72" selected="true" directed="false" lineType="straightline"/>
  <arc id="149" type="航线" tooltip="" source="61" destination="68" selected="true" directed="false" lineType="straightline"/>  
  <arc id="150" type="航线" tooltip="" source="61" destination="30" selected="true" directed="false" lineType="straightline"/>
  
  <arc id="151" type="航线" tooltip="" source="74" destination="75" selected="true" directed="false" lineType="straightline"/>
  <arc id="152" type="航线" tooltip="" source="74" destination="76" selected="true" directed="false" lineType="straightline"/>
  <arc id="153" type="航线" tooltip="" source="74" destination="77" selected="true" directed="false" lineType="straightline"/>
  <arc id="154" type="航线" tooltip="" source="74" destination="78" selected="true" directed="false" lineType="straightline"/>
  <arc id="155" type="航线" tooltip="" source="74" destination="79" selected="true" directed="false" lineType="straightline"/>
  <arc id="156" type="航线" tooltip="" source="74" destination="80" selected="true" directed="false" lineType="straightline"/>
  <arc id="157" type="航线" tooltip="" source="74" destination="81" selected="true" directed="false" lineType="straightline"/>
  <arc id="158" type="航线" tooltip="" source="74" destination="82" selected="true" directed="false" lineType="straightline"/>
  <arc id="159" type="航线" tooltip="" source="74" destination="36" selected="true" directed="false" lineType="straightline"/>
  <arc id="160" type="航线" tooltip="" source="74" destination="37" selected="true" directed="false" lineType="straightline"/>
  <arc id="161" type="航线" tooltip="" source="74" destination="38" selected="true" directed="false" lineType="straightline"/>
  <arc id="162" type="航线" tooltip="" source="74" destination="39" selected="true" directed="false" lineType="straightline"/>
  <arc id="163" type="航线" tooltip="" source="74" destination="40" selected="true" directed="false" lineType="straightline"/>
  <arc id="164" type="航线" tooltip="" source="74" destination="41" selected="true" directed="false" lineType="straightline"/>
  <arc id="165" type="航线" tooltip="" source="74" destination="42" selected="true" directed="false" lineType="straightline"/>
  <arc id="166" type="航线" tooltip="" source="74" destination="43" selected="true" directed="false" lineType="straightline"/>
</graph>