<?xml version="1.0" ?>
<graph>
  <node id="1" text="H"  type="路由" icon="assets/topo/pstn/router2.png"/>
  <node id="2" text="G"  type="路由" icon="assets/topo/pstn/router2.png"/>
  <node id="3" text="T" type="路由" icon="assets/topo/pstn/router2.png"/>
  <node id="4" text="M"  type="路由" icon="assets/topo/pstn/router2.png"/>
  
  <node id="5" text="Z"  type="路由" icon="assets/topo/pstn/router2.png"/>
  <node id="6" text="N"  type="路由" icon="assets/topo/pstn/router2.png"/>
  <node id="7" text="E" type="路由" icon="assets/topo/pstn/router2.png"/>
  <node id="8" text="X"  type="路由" icon="assets/topo/pstn/router2.png"/>
  
  
  <node id="201" text="P"  type="P"  icon="assets/topo/pc.png"/>
  <node id="202" text="P"  type="P"  icon="assets/topo/pc.png"/>
  <node id="203" text="P"  type="P"  icon="assets/topo/pc.png"/>
  <node id="204" text="P"  type="P"  icon="assets/topo/pc.png"/>
  <node id="205" text="P"  type="P"  icon="assets/topo/pc.png"/>
  <node id="206" text="P"  type="P"  icon="assets/topo/pc.png"/>
  <node id="207" text="P"  type="P"  icon="assets/topo/pc.png"/>
  <node id="208" text="P"  type="P"  icon="assets/topo/pc.png"/>
  <node id="209" text="P"  type="P"  icon="assets/topo/pc.png"/>
   
  <node id="301" text="P"  type="P"  icon="assets/topo/pc.png"/>
  <node id="302" text="P"  type="P"  icon="assets/topo/pc.png"/>
  <node id="303" text="P"  type="P"  icon="assets/topo/pc.png"/>
  <node id="304" text="P"  type="P"  icon="assets/topo/pc.png"/>
  <node id="305" text="P"  type="P"  icon="assets/topo/pc.png"/>
  <node id="306" text="P"  type="P"  icon="assets/topo/pc.png"/>
  <node id="307" text="P"  type="P"  icon="assets/topo/pc.png"/>
  <node id="308" text="P"  type="P"  icon="assets/topo/pc.png"/>
  <node id="309" text="P"  type="P"  icon="assets/topo/pc.png"/>
  
  <node id="401" text="P"  type="P"  icon="assets/topo/pc.png"/>
  <node id="402" text="P"  type="P"  icon="assets/topo/pc.png"/>
  <node id="403" text="P"  type="P"  icon="assets/topo/pc.png"/>
  <node id="404" text="P"  type="P"  icon="assets/topo/pc.png"/>
  <node id="405" text="P"  type="P"  icon="assets/topo/pc.png"/>
  <node id="406" text="P"  type="P"  icon="assets/topo/pc.png"/>
  <node id="407" text="P"  type="P"  icon="assets/topo/pc.png"/>
  <node id="408" text="P"  type="P"  icon="assets/topo/pc.png"/>
  <node id="409" text="P"  type="P"  icon="assets/topo/pc.png"/>
  
  <node id="601" text="P"  type="P"  icon="assets/topo/pc.png"/>
  <node id="602" text="P"  type="P"  icon="assets/topo/pc.png"/>
  <node id="603" text="P"  type="P"  icon="assets/topo/pc.png"/>
  <node id="604" text="P"  type="P"  icon="assets/topo/pc.png"/>
  <node id="605" text="P"  type="P"  icon="assets/topo/pc.png"/>
  <node id="606" text="P"  type="P"  icon="assets/topo/pc.png"/>
  <node id="607" text="P"  type="P"  icon="assets/topo/pc.png"/>
  <node id="608" text="P"  type="P"  icon="assets/topo/pc.png"/>
  <node id="609" text="P"  type="P"  icon="assets/topo/pc.png"/>
   
  <node id="701" text="P"  type="P"  icon="assets/topo/pc.png"/>
  <node id="702" text="P"  type="P"  icon="assets/topo/pc.png"/>
  <node id="703" text="P"  type="P"  icon="assets/topo/pc.png"/>
  <node id="704" text="P"  type="P"  icon="assets/topo/pc.png"/>
  <node id="705" text="P"  type="P"  icon="assets/topo/pc.png"/>
  <node id="706" text="P"  type="P"  icon="assets/topo/pc.png"/>
  <node id="707" text="P"  type="P"  icon="assets/topo/pc.png"/>
  <node id="708" text="P"  type="P"  icon="assets/topo/pc.png"/>
  <node id="709" text="P"  type="P"  icon="assets/topo/pc.png"/>
  
  <node id="801" text="P"  type="P"  icon="assets/topo/pc.png"/>
  <node id="802" text="P"  type="P"  icon="assets/topo/pc.png"/>
  <node id="803" text="P"  type="P"  icon="assets/topo/pc.png"/>
  <node id="804" text="P"  type="P"  icon="assets/topo/pc.png"/>
  <node id="805" text="P"  type="P"  icon="assets/topo/pc.png"/>
  <node id="806" text="P"  type="P"  icon="assets/topo/pc.png"/>
  <node id="807" text="P"  type="P"  icon="assets/topo/pc.png"/>
  <node id="808" text="P"  type="P"  icon="assets/topo/pc.png"/>
  <node id="809" text="P"  type="P"  icon="assets/topo/pc.png"/>
  
  <arc id="100" type="百兆网线"  source="1" destination="2"/>
  <arc id="101" type="百兆网线"  source="1" destination="3"/>
  <arc id="102" type="百兆网线"  source="1" destination="4"/>
  <arc id="160" type="百兆网线"  source="1" destination="5"/>
  
  <arc id="103" type="百兆网线"  source="2" destination="201"/>
  <arc id="104" type="百兆网线"  source="2" destination="202"/>
  <arc id="105" type="百兆网线"  source="2" destination="203"/>
  <arc id="106" type="百兆网线"  source="2" destination="204"/>
  <arc id="107" type="百兆网线"  source="2" destination="205"/>
  <arc id="108" type="百兆网线"  source="2" destination="206"/>
  <arc id="109" type="百兆网线"  source="2" destination="207"/>
  <arc id="110" type="百兆网线"  source="2" destination="208"/>
  <arc id="111" type="百兆网线"  source="2" destination="209"/>
  
  <arc id="112" type="百兆网线"  source="3" destination="301"/>
  <arc id="113" type="百兆网线"  source="3" destination="302"/>
  <arc id="114" type="百兆网线"  source="3" destination="303"/>
  <arc id="115" type="百兆网线"  source="3" destination="304"/>
  <arc id="116" type="百兆网线"  source="3" destination="305"/>
  <arc id="117" type="百兆网线"  source="3" destination="306"/>
  <arc id="118" type="百兆网线"  source="3" destination="307"/>
  <arc id="119" type="百兆网线"  source="3" destination="308"/>
  <arc id="120" type="百兆网线"  source="3" destination="309"/>
  
  <arc id="121" type="百兆网线"  source="4" destination="401"/>
  <arc id="122" type="百兆网线"  source="4" destination="402"/>
  <arc id="123" type="百兆网线"  source="4" destination="403"/>
  <arc id="124" type="百兆网线"  source="4" destination="404"/>
  <arc id="125" type="百兆网线"  source="4" destination="405"/>
  <arc id="126" type="百兆网线"  source="4" destination="406"/>
  <arc id="127" type="百兆网线"  source="4" destination="407"/>
  <arc id="128" type="百兆网线"  source="4" destination="408"/>
  <arc id="129" type="百兆网线"  source="4" destination="409"/>
  
  <arc id="130" type="百兆网线"  source="5" destination="6"/>
  <arc id="131" type="百兆网线"  source="5" destination="7"/>
  <arc id="132" type="百兆网线"  source="5" destination="8"/>
  
  <arc id="133" type="百兆网线"  source="6" destination="601"/>
  <arc id="134" type="百兆网线"  source="6" destination="602"/>
  <arc id="135" type="百兆网线"  source="6" destination="603"/>
  <arc id="136" type="百兆网线"  source="6" destination="604"/>
  <arc id="137" type="百兆网线"  source="6" destination="605"/>
  <arc id="138" type="百兆网线"  source="6" destination="606"/>
  <arc id="139" type="百兆网线"  source="6" destination="607"/>
  <arc id="140" type="百兆网线"  source="6" destination="608"/>
  <arc id="141" type="百兆网线"  source="6" destination="609"/> 
  
  <arc id="142" type="百兆网线"  source="7" destination="701"/>
  <arc id="143" type="百兆网线"  source="7" destination="702"/>
  <arc id="144" type="百兆网线"  source="7" destination="703"/>
  <arc id="145" type="百兆网线"  source="7" destination="704"/>
  <arc id="146" type="百兆网线"  source="7" destination="705"/>
  <arc id="147" type="百兆网线"  source="7" destination="706"/>
  <arc id="148" type="百兆网线"  source="7" destination="707"/>
  <arc id="149" type="百兆网线"  source="7" destination="708"/>
  <arc id="150" type="百兆网线"  source="7" destination="709"/> 
  
  <arc id="151" type="百兆网线"  source="8" destination="801"/>
  <arc id="152" type="百兆网线"  source="8" destination="802"/>
  <arc id="153" type="百兆网线"  source="8" destination="803"/>
  <arc id="154" type="百兆网线"  source="8" destination="804"/>
  <arc id="155" type="百兆网线"  source="8" destination="805"/>
  <arc id="156" type="百兆网线"  source="8" destination="806"/>
  <arc id="157" type="百兆网线"  source="8" destination="807"/>
  <arc id="158" type="百兆网线"  source="8" destination="808"/>
  <arc id="159" type="百兆网线"  source="8" destination="809"/> 
</graph>